task,frame,split,label
0_Open the box,/mnt/data/sftp/data/quangpt3/gcvwm/calibration/feepe/feature_matching_eval_hallucination/data/query/low/0_Open the box/frame_0000.png,low,1
0_Open the box,/mnt/data/sftp/data/quangpt3/gcvwm/calibration/feepe/feature_matching_eval_hallucination/data/query/low/0_Open the box/frame_0001.png,low,1
0_Open the box,/mnt/data/sftp/data/quangpt3/gcvwm/calibration/feepe/feature_matching_eval_hallucination/data/query/low/0_Open the box/frame_0002.png,low,1
0_Open the box,/mnt/data/sftp/data/quangpt3/gcvwm/calibration/feepe/feature_matching_eval_hallucination/data/query/low/0_Open the box/frame_0003.png,low,1
0_Open the box,/mnt/data/sftp/data/quangpt3/gcvwm/calibration/feepe/feature_matching_eval_hallucination/data/query/low/0_Open the box/frame_0004.png,low,1
0_Open the box,/mnt/data/sftp/data/quangpt3/gcvwm/calibration/feepe/feature_matching_eval_hallucination/data/query/low/0_Open the box/frame_0005.png,low,1
0_Open the box,/mnt/data/sftp/data/quangpt3/gcvwm/calibration/feepe/feature_matching_eval_hallucination/data/query/low/0_Open the box/frame_0006.png,low,1
0_Open the box,/mnt/data/sftp/data/quangpt3/gcvwm/calibration/feepe/feature_matching_eval_hallucination/data/query/low/0_Open the box/frame_0007.png,low,1
0_Open the box,/mnt/data/sftp/data/quangpt3/gcvwm/calibration/feepe/feature_matching_eval_hallucination/data/query/low/0_Open the box/frame_0009.png,low,1
0_Open the box,/mnt/data/sftp/data/quangpt3/gcvwm/calibration/feepe/feature_matching_eval_hallucination/data/query/low/0_Open the box/frame_0011.png,low,1
0_Open the box,/mnt/data/sftp/data/quangpt3/gcvwm/calibration/feepe/feature_matching_eval_hallucination/data/query/low/0_Open the box/frame_0013.png,low,1
0_Open the box,/mnt/data/sftp/data/quangpt3/gcvwm/calibration/feepe/feature_matching_eval_hallucination/data/query/low/0_Open the box/frame_0015.png,low,1
0_Open the box,/mnt/data/sftp/data/quangpt3/gcvwm/calibration/feepe/feature_matching_eval_hallucination/data/query/low/0_Open the box/frame_0016.png,low,1
0_Open the box,/mnt/data/sftp/data/quangpt3/gcvwm/calibration/feepe/feature_matching_eval_hallucination/data/query/low/0_Open the box/frame_0018.png,low,1
0_Open the box,/mnt/data/sftp/data/quangpt3/gcvwm/calibration/feepe/feature_matching_eval_hallucination/data/query/low/0_Open the box/frame_0020.png,low,1
0_Open the box,/mnt/data/sftp/data/quangpt3/gcvwm/calibration/feepe/feature_matching_eval_hallucination/data/query/low/0_Open the box/frame_0022.png,low,1
0_Open the box,/mnt/data/sftp/data/quangpt3/gcvwm/calibration/feepe/feature_matching_eval_hallucination/data/query/low/0_Open the box/frame_0024.png,low,1
0_Open the box,/mnt/data/sftp/data/quangpt3/gcvwm/calibration/feepe/feature_matching_eval_hallucination/data/query/low/0_Open the box/frame_0026.png,low,1
0_Open the box,/mnt/data/sftp/data/quangpt3/gcvwm/calibration/feepe/feature_matching_eval_hallucination/data/query/low/0_Open the box/frame_0028.png,low,1
0_Open the box,/mnt/data/sftp/data/quangpt3/gcvwm/calibration/feepe/feature_matching_eval_hallucination/data/query/low/0_Open the box/frame_0030.png,low,1
0_Open the box,/mnt/data/sftp/data/quangpt3/gcvwm/calibration/feepe/feature_matching_eval_hallucination/data/query/low/0_Open the box/frame_0031.png,low,1
0_Open the box,/mnt/data/sftp/data/quangpt3/gcvwm/calibration/feepe/feature_matching_eval_hallucination/data/query/low/0_Open the box/frame_0033.png,low,1
0_Open the box,/mnt/data/sftp/data/quangpt3/gcvwm/calibration/feepe/feature_matching_eval_hallucination/data/query/low/0_Open the box/frame_0035.png,low,1
0_Open the box,/mnt/data/sftp/data/quangpt3/gcvwm/calibration/feepe/feature_matching_eval_hallucination/data/query/low/0_Open the box/frame_0037.png,low,1
0_Open the box,/mnt/data/sftp/data/quangpt3/gcvwm/calibration/feepe/feature_matching_eval_hallucination/data/query/low/0_Open the box/frame_0039.png,low,1
0_Open the box,/mnt/data/sftp/data/quangpt3/gcvwm/calibration/feepe/feature_matching_eval_hallucination/data/query/low/0_Open the box/frame_0041.png,low,1
0_Open the box,/mnt/data/sftp/data/quangpt3/gcvwm/calibration/feepe/feature_matching_eval_hallucination/data/query/low/0_Open the box/frame_0043.png,low,1
0_Open the box,/mnt/data/sftp/data/quangpt3/gcvwm/calibration/feepe/feature_matching_eval_hallucination/data/query/low/0_Open the box/frame_0045.png,low,1
0_Open the box,/mnt/data/sftp/data/quangpt3/gcvwm/calibration/feepe/feature_matching_eval_hallucination/data/query/low/0_Open the box/frame_0046.png,low,1
0_Open the box,/mnt/data/sftp/data/quangpt3/gcvwm/calibration/feepe/feature_matching_eval_hallucination/data/query/low/0_Open the box/frame_0048.png,low,1
0_Open the box,/mnt/data/sftp/data/quangpt3/gcvwm/calibration/feepe/feature_matching_eval_hallucination/data/query/low/0_Open the box/frame_0050.png,low,1
0_Open the box,/mnt/data/sftp/data/quangpt3/gcvwm/calibration/feepe/feature_matching_eval_hallucination/data/query/low/0_Open the box/frame_0052.png,low,1
0_Open the box,/mnt/data/sftp/data/quangpt3/gcvwm/calibration/feepe/feature_matching_eval_hallucination/data/query/low/0_Open the box/frame_0054.png,low,1
0_Open the box,/mnt/data/sftp/data/quangpt3/gcvwm/calibration/feepe/feature_matching_eval_hallucination/data/query/low/0_Open the box/frame_0056.png,low,1
0_Open the box,/mnt/data/sftp/data/quangpt3/gcvwm/calibration/feepe/feature_matching_eval_hallucination/data/query/low/0_Open the box/frame_0058.png,low,1
0_Open the box,/mnt/data/sftp/data/quangpt3/gcvwm/calibration/feepe/feature_matching_eval_hallucination/data/query/low/0_Open the box/frame_0060.png,low,1
0_Open the box,/mnt/data/sftp/data/quangpt3/gcvwm/calibration/feepe/feature_matching_eval_hallucination/data/query/low/0_Open the box/frame_0061.png,low,1
0_Open the box,/mnt/data/sftp/data/quangpt3/gcvwm/calibration/feepe/feature_matching_eval_hallucination/data/query/low/0_Open the box/frame_0063.png,low,1
0_Open the box,/mnt/data/sftp/data/quangpt3/gcvwm/calibration/feepe/feature_matching_eval_hallucination/data/query/low/0_Open the box/frame_0065.png,low,1
0_Open the box,/mnt/data/sftp/data/quangpt3/gcvwm/calibration/feepe/feature_matching_eval_hallucination/data/query/low/0_Open the box/frame_0067.png,low,1
0_Open the box,/mnt/data/sftp/data/quangpt3/gcvwm/calibration/feepe/feature_matching_eval_hallucination/data/query/low/0_Open the box/frame_0069.png,low,1
0_Open the box,/mnt/data/sftp/data/quangpt3/gcvwm/calibration/feepe/feature_matching_eval_hallucination/data/query/low/0_Open the box/frame_0071.png,low,1
0_Open the box,/mnt/data/sftp/data/quangpt3/gcvwm/calibration/feepe/feature_matching_eval_hallucination/data/query/low/0_Open the box/frame_0073.png,low,1
0_Open the box,/mnt/data/sftp/data/quangpt3/gcvwm/calibration/feepe/feature_matching_eval_hallucination/data/query/low/0_Open the box/frame_0075.png,low,1
0_Open the box,/mnt/data/sftp/data/quangpt3/gcvwm/calibration/feepe/feature_matching_eval_hallucination/data/query/low/0_Open the box/frame_0076.png,low,1
0_Open the box,/mnt/data/sftp/data/quangpt3/gcvwm/calibration/feepe/feature_matching_eval_hallucination/data/query/low/0_Open the box/frame_0078.png,low,1
0_Open the box,/mnt/data/sftp/data/quangpt3/gcvwm/calibration/feepe/feature_matching_eval_hallucination/data/query/low/0_Open the box/frame_0080.png,low,1
0_Open the box,/mnt/data/sftp/data/quangpt3/gcvwm/calibration/feepe/feature_matching_eval_hallucination/data/query/low/0_Open the box/frame_0082.png,low,1
0_Open the box,/mnt/data/sftp/data/quangpt3/gcvwm/calibration/feepe/feature_matching_eval_hallucination/data/query/low/0_Open the box/frame_0084.png,low,1
0_Open the box,/mnt/data/sftp/data/quangpt3/gcvwm/calibration/feepe/feature_matching_eval_hallucination/data/query/low/0_Open the box/frame_0086.png,low,1
0_Open the box,/mnt/data/sftp/data/quangpt3/gcvwm/calibration/feepe/feature_matching_eval_hallucination/data/query/low/0_Open the box/frame_0088.png,low,1
0_Open the box,/mnt/data/sftp/data/quangpt3/gcvwm/calibration/feepe/feature_matching_eval_hallucination/data/query/low/0_Open the box/frame_0090.png,low,1
0_Open the box,/mnt/data/sftp/data/quangpt3/gcvwm/calibration/feepe/feature_matching_eval_hallucination/data/query/low/0_Open the box/frame_0092.png,low,1
0_Use the left hand to pick up dark green cucumber from on circular gray mat to above beige bowl.,/mnt/data/sftp/data/quangpt3/gcvwm/calibration/feepe/feature_matching_eval_hallucination/data/query/low/0_Use the left hand to pick up dark green cucumber from on circular gray mat to above beige bowl./frame_0000.png,low,1
0_Use the left hand to pick up dark green cucumber from on circular gray mat to above beige bowl.,/mnt/data/sftp/data/quangpt3/gcvwm/calibration/feepe/feature_matching_eval_hallucination/data/query/low/0_Use the left hand to pick up dark green cucumber from on circular gray mat to above beige bowl./frame_0001.png,low,1
0_Use the left hand to pick up dark green cucumber from on circular gray mat to above beige bowl.,/mnt/data/sftp/data/quangpt3/gcvwm/calibration/feepe/feature_matching_eval_hallucination/data/query/low/0_Use the left hand to pick up dark green cucumber from on circular gray mat to above beige bowl./frame_0002.png,low,1
0_Use the left hand to pick up dark green cucumber from on circular gray mat to above beige bowl.,/mnt/data/sftp/data/quangpt3/gcvwm/calibration/feepe/feature_matching_eval_hallucination/data/query/low/0_Use the left hand to pick up dark green cucumber from on circular gray mat to above beige bowl./frame_0003.png,low,1
0_Use the left hand to pick up dark green cucumber from on circular gray mat to above beige bowl.,/mnt/data/sftp/data/quangpt3/gcvwm/calibration/feepe/feature_matching_eval_hallucination/data/query/low/0_Use the left hand to pick up dark green cucumber from on circular gray mat to above beige bowl./frame_0004.png,low,1
0_Use the left hand to pick up dark green cucumber from on circular gray mat to above beige bowl.,/mnt/data/sftp/data/quangpt3/gcvwm/calibration/feepe/feature_matching_eval_hallucination/data/query/low/0_Use the left hand to pick up dark green cucumber from on circular gray mat to above beige bowl./frame_0005.png,low,1
0_Use the left hand to pick up dark green cucumber from on circular gray mat to above beige bowl.,/mnt/data/sftp/data/quangpt3/gcvwm/calibration/feepe/feature_matching_eval_hallucination/data/query/low/0_Use the left hand to pick up dark green cucumber from on circular gray mat to above beige bowl./frame_0006.png,low,1
0_Use the left hand to pick up dark green cucumber from on circular gray mat to above beige bowl.,/mnt/data/sftp/data/quangpt3/gcvwm/calibration/feepe/feature_matching_eval_hallucination/data/query/low/0_Use the left hand to pick up dark green cucumber from on circular gray mat to above beige bowl./frame_0007.png,low,1
0_Use the left hand to pick up dark green cucumber from on circular gray mat to above beige bowl.,/mnt/data/sftp/data/quangpt3/gcvwm/calibration/feepe/feature_matching_eval_hallucination/data/query/low/0_Use the left hand to pick up dark green cucumber from on circular gray mat to above beige bowl./frame_0009.png,low,1
0_Use the left hand to pick up dark green cucumber from on circular gray mat to above beige bowl.,/mnt/data/sftp/data/quangpt3/gcvwm/calibration/feepe/feature_matching_eval_hallucination/data/query/low/0_Use the left hand to pick up dark green cucumber from on circular gray mat to above beige bowl./frame_0011.png,low,1
0_Use the left hand to pick up dark green cucumber from on circular gray mat to above beige bowl.,/mnt/data/sftp/data/quangpt3/gcvwm/calibration/feepe/feature_matching_eval_hallucination/data/query/low/0_Use the left hand to pick up dark green cucumber from on circular gray mat to above beige bowl./frame_0013.png,low,1
0_Use the left hand to pick up dark green cucumber from on circular gray mat to above beige bowl.,/mnt/data/sftp/data/quangpt3/gcvwm/calibration/feepe/feature_matching_eval_hallucination/data/query/low/0_Use the left hand to pick up dark green cucumber from on circular gray mat to above beige bowl./frame_0015.png,low,1
0_Use the left hand to pick up dark green cucumber from on circular gray mat to above beige bowl.,/mnt/data/sftp/data/quangpt3/gcvwm/calibration/feepe/feature_matching_eval_hallucination/data/query/low/0_Use the left hand to pick up dark green cucumber from on circular gray mat to above beige bowl./frame_0016.png,low,1
0_Use the left hand to pick up dark green cucumber from on circular gray mat to above beige bowl.,/mnt/data/sftp/data/quangpt3/gcvwm/calibration/feepe/feature_matching_eval_hallucination/data/query/low/0_Use the left hand to pick up dark green cucumber from on circular gray mat to above beige bowl./frame_0018.png,low,1
0_Use the left hand to pick up dark green cucumber from on circular gray mat to above beige bowl.,/mnt/data/sftp/data/quangpt3/gcvwm/calibration/feepe/feature_matching_eval_hallucination/data/query/low/0_Use the left hand to pick up dark green cucumber from on circular gray mat to above beige bowl./frame_0020.png,low,1
0_Use the left hand to pick up dark green cucumber from on circular gray mat to above beige bowl.,/mnt/data/sftp/data/quangpt3/gcvwm/calibration/feepe/feature_matching_eval_hallucination/data/query/low/0_Use the left hand to pick up dark green cucumber from on circular gray mat to above beige bowl./frame_0022.png,low,1
0_Use the left hand to pick up dark green cucumber from on circular gray mat to above beige bowl.,/mnt/data/sftp/data/quangpt3/gcvwm/calibration/feepe/feature_matching_eval_hallucination/data/query/low/0_Use the left hand to pick up dark green cucumber from on circular gray mat to above beige bowl./frame_0024.png,low,1
0_Use the left hand to pick up dark green cucumber from on circular gray mat to above beige bowl.,/mnt/data/sftp/data/quangpt3/gcvwm/calibration/feepe/feature_matching_eval_hallucination/data/query/low/0_Use the left hand to pick up dark green cucumber from on circular gray mat to above beige bowl./frame_0026.png,low,1
0_Use the left hand to pick up dark green cucumber from on circular gray mat to above beige bowl.,/mnt/data/sftp/data/quangpt3/gcvwm/calibration/feepe/feature_matching_eval_hallucination/data/query/low/0_Use the left hand to pick up dark green cucumber from on circular gray mat to above beige bowl./frame_0028.png,low,1
0_Use the left hand to pick up dark green cucumber from on circular gray mat to above beige bowl.,/mnt/data/sftp/data/quangpt3/gcvwm/calibration/feepe/feature_matching_eval_hallucination/data/query/low/0_Use the left hand to pick up dark green cucumber from on circular gray mat to above beige bowl./frame_0030.png,low,1
0_Use the left hand to pick up dark green cucumber from on circular gray mat to above beige bowl.,/mnt/data/sftp/data/quangpt3/gcvwm/calibration/feepe/feature_matching_eval_hallucination/data/query/low/0_Use the left hand to pick up dark green cucumber from on circular gray mat to above beige bowl./frame_0031.png,low,1
0_Use the left hand to pick up dark green cucumber from on circular gray mat to above beige bowl.,/mnt/data/sftp/data/quangpt3/gcvwm/calibration/feepe/feature_matching_eval_hallucination/data/query/low/0_Use the left hand to pick up dark green cucumber from on circular gray mat to above beige bowl./frame_0033.png,low,1
0_Use the left hand to pick up dark green cucumber from on circular gray mat to above beige bowl.,/mnt/data/sftp/data/quangpt3/gcvwm/calibration/feepe/feature_matching_eval_hallucination/data/query/low/0_Use the left hand to pick up dark green cucumber from on circular gray mat to above beige bowl./frame_0035.png,low,1
0_Use the left hand to pick up dark green cucumber from on circular gray mat to above beige bowl.,/mnt/data/sftp/data/quangpt3/gcvwm/calibration/feepe/feature_matching_eval_hallucination/data/query/low/0_Use the left hand to pick up dark green cucumber from on circular gray mat to above beige bowl./frame_0037.png,low,1
0_Use the left hand to pick up dark green cucumber from on circular gray mat to above beige bowl.,/mnt/data/sftp/data/quangpt3/gcvwm/calibration/feepe/feature_matching_eval_hallucination/data/query/low/0_Use the left hand to pick up dark green cucumber from on circular gray mat to above beige bowl./frame_0039.png,low,1
0_Use the left hand to pick up dark green cucumber from on circular gray mat to above beige bowl.,/mnt/data/sftp/data/quangpt3/gcvwm/calibration/feepe/feature_matching_eval_hallucination/data/query/low/0_Use the left hand to pick up dark green cucumber from on circular gray mat to above beige bowl./frame_0041.png,low,1
0_Use the left hand to pick up dark green cucumber from on circular gray mat to above beige bowl.,/mnt/data/sftp/data/quangpt3/gcvwm/calibration/feepe/feature_matching_eval_hallucination/data/query/low/0_Use the left hand to pick up dark green cucumber from on circular gray mat to above beige bowl./frame_0043.png,low,1
0_Use the left hand to pick up dark green cucumber from on circular gray mat to above beige bowl.,/mnt/data/sftp/data/quangpt3/gcvwm/calibration/feepe/feature_matching_eval_hallucination/data/query/low/0_Use the left hand to pick up dark green cucumber from on circular gray mat to above beige bowl./frame_0045.png,low,1
0_Use the left hand to pick up dark green cucumber from on circular gray mat to above beige bowl.,/mnt/data/sftp/data/quangpt3/gcvwm/calibration/feepe/feature_matching_eval_hallucination/data/query/low/0_Use the left hand to pick up dark green cucumber from on circular gray mat to above beige bowl./frame_0046.png,low,1
0_Use the left hand to pick up dark green cucumber from on circular gray mat to above beige bowl.,/mnt/data/sftp/data/quangpt3/gcvwm/calibration/feepe/feature_matching_eval_hallucination/data/query/low/0_Use the left hand to pick up dark green cucumber from on circular gray mat to above beige bowl./frame_0048.png,low,1
0_Use the left hand to pick up dark green cucumber from on circular gray mat to above beige bowl.,/mnt/data/sftp/data/quangpt3/gcvwm/calibration/feepe/feature_matching_eval_hallucination/data/query/low/0_Use the left hand to pick up dark green cucumber from on circular gray mat to above beige bowl./frame_0050.png,low,1
0_Use the left hand to pick up dark green cucumber from on circular gray mat to above beige bowl.,/mnt/data/sftp/data/quangpt3/gcvwm/calibration/feepe/feature_matching_eval_hallucination/data/query/low/0_Use the left hand to pick up dark green cucumber from on circular gray mat to above beige bowl./frame_0052.png,low,1
0_Use the left hand to pick up dark green cucumber from on circular gray mat to above beige bowl.,/mnt/data/sftp/data/quangpt3/gcvwm/calibration/feepe/feature_matching_eval_hallucination/data/query/low/0_Use the left hand to pick up dark green cucumber from on circular gray mat to above beige bowl./frame_0054.png,low,1
0_Use the left hand to pick up dark green cucumber from on circular gray mat to above beige bowl.,/mnt/data/sftp/data/quangpt3/gcvwm/calibration/feepe/feature_matching_eval_hallucination/data/query/low/0_Use the left hand to pick up dark green cucumber from on circular gray mat to above beige bowl./frame_0056.png,low,1
0_Use the left hand to pick up dark green cucumber from on circular gray mat to above beige bowl.,/mnt/data/sftp/data/quangpt3/gcvwm/calibration/feepe/feature_matching_eval_hallucination/data/query/low/0_Use the left hand to pick up dark green cucumber from on circular gray mat to above beige bowl./frame_0058.png,low,1
0_Use the left hand to pick up dark green cucumber from on circular gray mat to above beige bowl.,/mnt/data/sftp/data/quangpt3/gcvwm/calibration/feepe/feature_matching_eval_hallucination/data/query/low/0_Use the left hand to pick up dark green cucumber from on circular gray mat to above beige bowl./frame_0060.png,low,1
0_Use the left hand to pick up dark green cucumber from on circular gray mat to above beige bowl.,/mnt/data/sftp/data/quangpt3/gcvwm/calibration/feepe/feature_matching_eval_hallucination/data/query/low/0_Use the left hand to pick up dark green cucumber from on circular gray mat to above beige bowl./frame_0061.png,low,1
0_Use the left hand to pick up dark green cucumber from on circular gray mat to above beige bowl.,/mnt/data/sftp/data/quangpt3/gcvwm/calibration/feepe/feature_matching_eval_hallucination/data/query/low/0_Use the left hand to pick up dark green cucumber from on circular gray mat to above beige bowl./frame_0063.png,low,1
0_Use the left hand to pick up dark green cucumber from on circular gray mat to above beige bowl.,/mnt/data/sftp/data/quangpt3/gcvwm/calibration/feepe/feature_matching_eval_hallucination/data/query/low/0_Use the left hand to pick up dark green cucumber from on circular gray mat to above beige bowl./frame_0065.png,low,1
0_Use the left hand to pick up dark green cucumber from on circular gray mat to above beige bowl.,/mnt/data/sftp/data/quangpt3/gcvwm/calibration/feepe/feature_matching_eval_hallucination/data/query/low/0_Use the left hand to pick up dark green cucumber from on circular gray mat to above beige bowl./frame_0067.png,low,1
0_Use the left hand to pick up dark green cucumber from on circular gray mat to above beige bowl.,/mnt/data/sftp/data/quangpt3/gcvwm/calibration/feepe/feature_matching_eval_hallucination/data/query/low/0_Use the left hand to pick up dark green cucumber from on circular gray mat to above beige bowl./frame_0069.png,low,1
0_Use the left hand to pick up dark green cucumber from on circular gray mat to above beige bowl.,/mnt/data/sftp/data/quangpt3/gcvwm/calibration/feepe/feature_matching_eval_hallucination/data/query/low/0_Use the left hand to pick up dark green cucumber from on circular gray mat to above beige bowl./frame_0071.png,low,1
0_Use the left hand to pick up dark green cucumber from on circular gray mat to above beige bowl.,/mnt/data/sftp/data/quangpt3/gcvwm/calibration/feepe/feature_matching_eval_hallucination/data/query/low/0_Use the left hand to pick up dark green cucumber from on circular gray mat to above beige bowl./frame_0073.png,low,1
0_Use the left hand to pick up dark green cucumber from on circular gray mat to above beige bowl.,/mnt/data/sftp/data/quangpt3/gcvwm/calibration/feepe/feature_matching_eval_hallucination/data/query/low/0_Use the left hand to pick up dark green cucumber from on circular gray mat to above beige bowl./frame_0075.png,low,1
0_Use the left hand to pick up dark green cucumber from on circular gray mat to above beige bowl.,/mnt/data/sftp/data/quangpt3/gcvwm/calibration/feepe/feature_matching_eval_hallucination/data/query/low/0_Use the left hand to pick up dark green cucumber from on circular gray mat to above beige bowl./frame_0076.png,low,1
0_Use the left hand to pick up dark green cucumber from on circular gray mat to above beige bowl.,/mnt/data/sftp/data/quangpt3/gcvwm/calibration/feepe/feature_matching_eval_hallucination/data/query/low/0_Use the left hand to pick up dark green cucumber from on circular gray mat to above beige bowl./frame_0078.png,low,1
0_Use the left hand to pick up dark green cucumber from on circular gray mat to above beige bowl.,/mnt/data/sftp/data/quangpt3/gcvwm/calibration/feepe/feature_matching_eval_hallucination/data/query/low/0_Use the left hand to pick up dark green cucumber from on circular gray mat to above beige bowl./frame_0080.png,low,1
0_Use the left hand to pick up dark green cucumber from on circular gray mat to above beige bowl.,/mnt/data/sftp/data/quangpt3/gcvwm/calibration/feepe/feature_matching_eval_hallucination/data/query/low/0_Use the left hand to pick up dark green cucumber from on circular gray mat to above beige bowl./frame_0082.png,low,1
0_Use the left hand to pick up dark green cucumber from on circular gray mat to above beige bowl.,/mnt/data/sftp/data/quangpt3/gcvwm/calibration/feepe/feature_matching_eval_hallucination/data/query/low/0_Use the left hand to pick up dark green cucumber from on circular gray mat to above beige bowl./frame_0084.png,low,1
0_Use the left hand to pick up dark green cucumber from on circular gray mat to above beige bowl.,/mnt/data/sftp/data/quangpt3/gcvwm/calibration/feepe/feature_matching_eval_hallucination/data/query/low/0_Use the left hand to pick up dark green cucumber from on circular gray mat to above beige bowl./frame_0086.png,low,1
0_Use the left hand to pick up dark green cucumber from on circular gray mat to above beige bowl.,/mnt/data/sftp/data/quangpt3/gcvwm/calibration/feepe/feature_matching_eval_hallucination/data/query/low/0_Use the left hand to pick up dark green cucumber from on circular gray mat to above beige bowl./frame_0088.png,low,1
0_Use the left hand to pick up dark green cucumber from on circular gray mat to above beige bowl.,/mnt/data/sftp/data/quangpt3/gcvwm/calibration/feepe/feature_matching_eval_hallucination/data/query/low/0_Use the left hand to pick up dark green cucumber from on circular gray mat to above beige bowl./frame_0090.png,low,1
0_Use the left hand to pick up dark green cucumber from on circular gray mat to above beige bowl.,/mnt/data/sftp/data/quangpt3/gcvwm/calibration/feepe/feature_matching_eval_hallucination/data/query/low/0_Use the left hand to pick up dark green cucumber from on circular gray mat to above beige bowl./frame_0092.png,low,1
10_Use the right hand to pick up yellow star fruit from right side of table to white shelf.,/mnt/data/sftp/data/quangpt3/gcvwm/calibration/feepe/feature_matching_eval_hallucination/data/query/low/10_Use the right hand to pick up yellow star fruit from right side of table to white shelf./frame_0000.png,low,1
10_Use the right hand to pick up yellow star fruit from right side of table to white shelf.,/mnt/data/sftp/data/quangpt3/gcvwm/calibration/feepe/feature_matching_eval_hallucination/data/query/low/10_Use the right hand to pick up yellow star fruit from right side of table to white shelf./frame_0001.png,low,1
10_Use the right hand to pick up yellow star fruit from right side of table to white shelf.,/mnt/data/sftp/data/quangpt3/gcvwm/calibration/feepe/feature_matching_eval_hallucination/data/query/low/10_Use the right hand to pick up yellow star fruit from right side of table to white shelf./frame_0002.png,low,1
10_Use the right hand to pick up yellow star fruit from right side of table to white shelf.,/mnt/data/sftp/data/quangpt3/gcvwm/calibration/feepe/feature_matching_eval_hallucination/data/query/low/10_Use the right hand to pick up yellow star fruit from right side of table to white shelf./frame_0003.png,low,1
10_Use the right hand to pick up yellow star fruit from right side of table to white shelf.,/mnt/data/sftp/data/quangpt3/gcvwm/calibration/feepe/feature_matching_eval_hallucination/data/query/low/10_Use the right hand to pick up yellow star fruit from right side of table to white shelf./frame_0004.png,low,1
10_Use the right hand to pick up yellow star fruit from right side of table to white shelf.,/mnt/data/sftp/data/quangpt3/gcvwm/calibration/feepe/feature_matching_eval_hallucination/data/query/low/10_Use the right hand to pick up yellow star fruit from right side of table to white shelf./frame_0005.png,low,1
10_Use the right hand to pick up yellow star fruit from right side of table to white shelf.,/mnt/data/sftp/data/quangpt3/gcvwm/calibration/feepe/feature_matching_eval_hallucination/data/query/low/10_Use the right hand to pick up yellow star fruit from right side of table to white shelf./frame_0006.png,low,1
10_Use the right hand to pick up yellow star fruit from right side of table to white shelf.,/mnt/data/sftp/data/quangpt3/gcvwm/calibration/feepe/feature_matching_eval_hallucination/data/query/low/10_Use the right hand to pick up yellow star fruit from right side of table to white shelf./frame_0007.png,low,1
10_Use the right hand to pick up yellow star fruit from right side of table to white shelf.,/mnt/data/sftp/data/quangpt3/gcvwm/calibration/feepe/feature_matching_eval_hallucination/data/query/low/10_Use the right hand to pick up yellow star fruit from right side of table to white shelf./frame_0009.png,low,1
10_Use the right hand to pick up yellow star fruit from right side of table to white shelf.,/mnt/data/sftp/data/quangpt3/gcvwm/calibration/feepe/feature_matching_eval_hallucination/data/query/low/10_Use the right hand to pick up yellow star fruit from right side of table to white shelf./frame_0011.png,low,1
10_Use the right hand to pick up yellow star fruit from right side of table to white shelf.,/mnt/data/sftp/data/quangpt3/gcvwm/calibration/feepe/feature_matching_eval_hallucination/data/query/low/10_Use the right hand to pick up yellow star fruit from right side of table to white shelf./frame_0013.png,low,1
10_Use the right hand to pick up yellow star fruit from right side of table to white shelf.,/mnt/data/sftp/data/quangpt3/gcvwm/calibration/feepe/feature_matching_eval_hallucination/data/query/low/10_Use the right hand to pick up yellow star fruit from right side of table to white shelf./frame_0015.png,low,1
10_Use the right hand to pick up yellow star fruit from right side of table to white shelf.,/mnt/data/sftp/data/quangpt3/gcvwm/calibration/feepe/feature_matching_eval_hallucination/data/query/low/10_Use the right hand to pick up yellow star fruit from right side of table to white shelf./frame_0016.png,low,1
10_Use the right hand to pick up yellow star fruit from right side of table to white shelf.,/mnt/data/sftp/data/quangpt3/gcvwm/calibration/feepe/feature_matching_eval_hallucination/data/query/low/10_Use the right hand to pick up yellow star fruit from right side of table to white shelf./frame_0018.png,low,1
10_Use the right hand to pick up yellow star fruit from right side of table to white shelf.,/mnt/data/sftp/data/quangpt3/gcvwm/calibration/feepe/feature_matching_eval_hallucination/data/query/low/10_Use the right hand to pick up yellow star fruit from right side of table to white shelf./frame_0020.png,low,1
10_Use the right hand to pick up yellow star fruit from right side of table to white shelf.,/mnt/data/sftp/data/quangpt3/gcvwm/calibration/feepe/feature_matching_eval_hallucination/data/query/low/10_Use the right hand to pick up yellow star fruit from right side of table to white shelf./frame_0022.png,low,1
10_Use the right hand to pick up yellow star fruit from right side of table to white shelf.,/mnt/data/sftp/data/quangpt3/gcvwm/calibration/feepe/feature_matching_eval_hallucination/data/query/low/10_Use the right hand to pick up yellow star fruit from right side of table to white shelf./frame_0024.png,low,1
10_Use the right hand to pick up yellow star fruit from right side of table to white shelf.,/mnt/data/sftp/data/quangpt3/gcvwm/calibration/feepe/feature_matching_eval_hallucination/data/query/low/10_Use the right hand to pick up yellow star fruit from right side of table to white shelf./frame_0026.png,low,1
10_Use the right hand to pick up yellow star fruit from right side of table to white shelf.,/mnt/data/sftp/data/quangpt3/gcvwm/calibration/feepe/feature_matching_eval_hallucination/data/query/low/10_Use the right hand to pick up yellow star fruit from right side of table to white shelf./frame_0028.png,low,1
10_Use the right hand to pick up yellow star fruit from right side of table to white shelf.,/mnt/data/sftp/data/quangpt3/gcvwm/calibration/feepe/feature_matching_eval_hallucination/data/query/low/10_Use the right hand to pick up yellow star fruit from right side of table to white shelf./frame_0030.png,low,1
10_Use the right hand to pick up yellow star fruit from right side of table to white shelf.,/mnt/data/sftp/data/quangpt3/gcvwm/calibration/feepe/feature_matching_eval_hallucination/data/query/low/10_Use the right hand to pick up yellow star fruit from right side of table to white shelf./frame_0031.png,low,1
10_Use the right hand to pick up yellow star fruit from right side of table to white shelf.,/mnt/data/sftp/data/quangpt3/gcvwm/calibration/feepe/feature_matching_eval_hallucination/data/query/low/10_Use the right hand to pick up yellow star fruit from right side of table to white shelf./frame_0033.png,low,1
10_Use the right hand to pick up yellow star fruit from right side of table to white shelf.,/mnt/data/sftp/data/quangpt3/gcvwm/calibration/feepe/feature_matching_eval_hallucination/data/query/low/10_Use the right hand to pick up yellow star fruit from right side of table to white shelf./frame_0035.png,low,1
10_Use the right hand to pick up yellow star fruit from right side of table to white shelf.,/mnt/data/sftp/data/quangpt3/gcvwm/calibration/feepe/feature_matching_eval_hallucination/data/query/low/10_Use the right hand to pick up yellow star fruit from right side of table to white shelf./frame_0037.png,low,1
10_Use the right hand to pick up yellow star fruit from right side of table to white shelf.,/mnt/data/sftp/data/quangpt3/gcvwm/calibration/feepe/feature_matching_eval_hallucination/data/query/low/10_Use the right hand to pick up yellow star fruit from right side of table to white shelf./frame_0039.png,low,1
10_Use the right hand to pick up yellow star fruit from right side of table to white shelf.,/mnt/data/sftp/data/quangpt3/gcvwm/calibration/feepe/feature_matching_eval_hallucination/data/query/low/10_Use the right hand to pick up yellow star fruit from right side of table to white shelf./frame_0041.png,low,1
10_Use the right hand to pick up yellow star fruit from right side of table to white shelf.,/mnt/data/sftp/data/quangpt3/gcvwm/calibration/feepe/feature_matching_eval_hallucination/data/query/low/10_Use the right hand to pick up yellow star fruit from right side of table to white shelf./frame_0043.png,low,1
10_Use the right hand to pick up yellow star fruit from right side of table to white shelf.,/mnt/data/sftp/data/quangpt3/gcvwm/calibration/feepe/feature_matching_eval_hallucination/data/query/low/10_Use the right hand to pick up yellow star fruit from right side of table to white shelf./frame_0045.png,low,1
10_Use the right hand to pick up yellow star fruit from right side of table to white shelf.,/mnt/data/sftp/data/quangpt3/gcvwm/calibration/feepe/feature_matching_eval_hallucination/data/query/low/10_Use the right hand to pick up yellow star fruit from right side of table to white shelf./frame_0046.png,low,1
10_Use the right hand to pick up yellow star fruit from right side of table to white shelf.,/mnt/data/sftp/data/quangpt3/gcvwm/calibration/feepe/feature_matching_eval_hallucination/data/query/low/10_Use the right hand to pick up yellow star fruit from right side of table to white shelf./frame_0048.png,low,1
10_Use the right hand to pick up yellow star fruit from right side of table to white shelf.,/mnt/data/sftp/data/quangpt3/gcvwm/calibration/feepe/feature_matching_eval_hallucination/data/query/low/10_Use the right hand to pick up yellow star fruit from right side of table to white shelf./frame_0050.png,low,1
10_Use the right hand to pick up yellow star fruit from right side of table to white shelf.,/mnt/data/sftp/data/quangpt3/gcvwm/calibration/feepe/feature_matching_eval_hallucination/data/query/low/10_Use the right hand to pick up yellow star fruit from right side of table to white shelf./frame_0052.png,low,1
10_Use the right hand to pick up yellow star fruit from right side of table to white shelf.,/mnt/data/sftp/data/quangpt3/gcvwm/calibration/feepe/feature_matching_eval_hallucination/data/query/low/10_Use the right hand to pick up yellow star fruit from right side of table to white shelf./frame_0054.png,low,1
10_Use the right hand to pick up yellow star fruit from right side of table to white shelf.,/mnt/data/sftp/data/quangpt3/gcvwm/calibration/feepe/feature_matching_eval_hallucination/data/query/low/10_Use the right hand to pick up yellow star fruit from right side of table to white shelf./frame_0056.png,low,1
10_Use the right hand to pick up yellow star fruit from right side of table to white shelf.,/mnt/data/sftp/data/quangpt3/gcvwm/calibration/feepe/feature_matching_eval_hallucination/data/query/low/10_Use the right hand to pick up yellow star fruit from right side of table to white shelf./frame_0058.png,low,1
10_Use the right hand to pick up yellow star fruit from right side of table to white shelf.,/mnt/data/sftp/data/quangpt3/gcvwm/calibration/feepe/feature_matching_eval_hallucination/data/query/low/10_Use the right hand to pick up yellow star fruit from right side of table to white shelf./frame_0060.png,low,1
10_Use the right hand to pick up yellow star fruit from right side of table to white shelf.,/mnt/data/sftp/data/quangpt3/gcvwm/calibration/feepe/feature_matching_eval_hallucination/data/query/low/10_Use the right hand to pick up yellow star fruit from right side of table to white shelf./frame_0061.png,low,1
10_Use the right hand to pick up yellow star fruit from right side of table to white shelf.,/mnt/data/sftp/data/quangpt3/gcvwm/calibration/feepe/feature_matching_eval_hallucination/data/query/low/10_Use the right hand to pick up yellow star fruit from right side of table to white shelf./frame_0063.png,low,1
10_Use the right hand to pick up yellow star fruit from right side of table to white shelf.,/mnt/data/sftp/data/quangpt3/gcvwm/calibration/feepe/feature_matching_eval_hallucination/data/query/low/10_Use the right hand to pick up yellow star fruit from right side of table to white shelf./frame_0065.png,low,1
10_Use the right hand to pick up yellow star fruit from right side of table to white shelf.,/mnt/data/sftp/data/quangpt3/gcvwm/calibration/feepe/feature_matching_eval_hallucination/data/query/low/10_Use the right hand to pick up yellow star fruit from right side of table to white shelf./frame_0067.png,low,1
10_Use the right hand to pick up yellow star fruit from right side of table to white shelf.,/mnt/data/sftp/data/quangpt3/gcvwm/calibration/feepe/feature_matching_eval_hallucination/data/query/low/10_Use the right hand to pick up yellow star fruit from right side of table to white shelf./frame_0069.png,low,1
10_Use the right hand to pick up yellow star fruit from right side of table to white shelf.,/mnt/data/sftp/data/quangpt3/gcvwm/calibration/feepe/feature_matching_eval_hallucination/data/query/low/10_Use the right hand to pick up yellow star fruit from right side of table to white shelf./frame_0071.png,low,1
10_Use the right hand to pick up yellow star fruit from right side of table to white shelf.,/mnt/data/sftp/data/quangpt3/gcvwm/calibration/feepe/feature_matching_eval_hallucination/data/query/low/10_Use the right hand to pick up yellow star fruit from right side of table to white shelf./frame_0073.png,low,1
10_Use the right hand to pick up yellow star fruit from right side of table to white shelf.,/mnt/data/sftp/data/quangpt3/gcvwm/calibration/feepe/feature_matching_eval_hallucination/data/query/low/10_Use the right hand to pick up yellow star fruit from right side of table to white shelf./frame_0075.png,low,1
10_Use the right hand to pick up yellow star fruit from right side of table to white shelf.,/mnt/data/sftp/data/quangpt3/gcvwm/calibration/feepe/feature_matching_eval_hallucination/data/query/low/10_Use the right hand to pick up yellow star fruit from right side of table to white shelf./frame_0076.png,low,1
10_Use the right hand to pick up yellow star fruit from right side of table to white shelf.,/mnt/data/sftp/data/quangpt3/gcvwm/calibration/feepe/feature_matching_eval_hallucination/data/query/low/10_Use the right hand to pick up yellow star fruit from right side of table to white shelf./frame_0078.png,low,1
10_Use the right hand to pick up yellow star fruit from right side of table to white shelf.,/mnt/data/sftp/data/quangpt3/gcvwm/calibration/feepe/feature_matching_eval_hallucination/data/query/low/10_Use the right hand to pick up yellow star fruit from right side of table to white shelf./frame_0080.png,low,1
10_Use the right hand to pick up yellow star fruit from right side of table to white shelf.,/mnt/data/sftp/data/quangpt3/gcvwm/calibration/feepe/feature_matching_eval_hallucination/data/query/low/10_Use the right hand to pick up yellow star fruit from right side of table to white shelf./frame_0082.png,low,1
10_Use the right hand to pick up yellow star fruit from right side of table to white shelf.,/mnt/data/sftp/data/quangpt3/gcvwm/calibration/feepe/feature_matching_eval_hallucination/data/query/low/10_Use the right hand to pick up yellow star fruit from right side of table to white shelf./frame_0084.png,low,1
10_Use the right hand to pick up yellow star fruit from right side of table to white shelf.,/mnt/data/sftp/data/quangpt3/gcvwm/calibration/feepe/feature_matching_eval_hallucination/data/query/low/10_Use the right hand to pick up yellow star fruit from right side of table to white shelf./frame_0086.png,low,1
10_Use the right hand to pick up yellow star fruit from right side of table to white shelf.,/mnt/data/sftp/data/quangpt3/gcvwm/calibration/feepe/feature_matching_eval_hallucination/data/query/low/10_Use the right hand to pick up yellow star fruit from right side of table to white shelf./frame_0088.png,low,1
10_Use the right hand to pick up yellow star fruit from right side of table to white shelf.,/mnt/data/sftp/data/quangpt3/gcvwm/calibration/feepe/feature_matching_eval_hallucination/data/query/low/10_Use the right hand to pick up yellow star fruit from right side of table to white shelf./frame_0090.png,low,1
10_Use the right hand to pick up yellow star fruit from right side of table to white shelf.,/mnt/data/sftp/data/quangpt3/gcvwm/calibration/feepe/feature_matching_eval_hallucination/data/query/low/10_Use the right hand to pick up yellow star fruit from right side of table to white shelf./frame_0092.png,low,1
11_Use the right hand to pick up cup to green trash can,/mnt/data/sftp/data/quangpt3/gcvwm/calibration/feepe/feature_matching_eval_hallucination/data/query/low/11_Use the right hand to pick up cup to green trash can/frame_0000.png,low,1
11_Use the right hand to pick up cup to green trash can,/mnt/data/sftp/data/quangpt3/gcvwm/calibration/feepe/feature_matching_eval_hallucination/data/query/low/11_Use the right hand to pick up cup to green trash can/frame_0001.png,low,1
11_Use the right hand to pick up cup to green trash can,/mnt/data/sftp/data/quangpt3/gcvwm/calibration/feepe/feature_matching_eval_hallucination/data/query/low/11_Use the right hand to pick up cup to green trash can/frame_0002.png,low,1
11_Use the right hand to pick up cup to green trash can,/mnt/data/sftp/data/quangpt3/gcvwm/calibration/feepe/feature_matching_eval_hallucination/data/query/low/11_Use the right hand to pick up cup to green trash can/frame_0003.png,low,1
11_Use the right hand to pick up cup to green trash can,/mnt/data/sftp/data/quangpt3/gcvwm/calibration/feepe/feature_matching_eval_hallucination/data/query/low/11_Use the right hand to pick up cup to green trash can/frame_0004.png,low,1
11_Use the right hand to pick up cup to green trash can,/mnt/data/sftp/data/quangpt3/gcvwm/calibration/feepe/feature_matching_eval_hallucination/data/query/low/11_Use the right hand to pick up cup to green trash can/frame_0005.png,low,1
11_Use the right hand to pick up cup to green trash can,/mnt/data/sftp/data/quangpt3/gcvwm/calibration/feepe/feature_matching_eval_hallucination/data/query/low/11_Use the right hand to pick up cup to green trash can/frame_0006.png,low,1
11_Use the right hand to pick up cup to green trash can,/mnt/data/sftp/data/quangpt3/gcvwm/calibration/feepe/feature_matching_eval_hallucination/data/query/low/11_Use the right hand to pick up cup to green trash can/frame_0007.png,low,1
11_Use the right hand to pick up cup to green trash can,/mnt/data/sftp/data/quangpt3/gcvwm/calibration/feepe/feature_matching_eval_hallucination/data/query/low/11_Use the right hand to pick up cup to green trash can/frame_0009.png,low,1
11_Use the right hand to pick up cup to green trash can,/mnt/data/sftp/data/quangpt3/gcvwm/calibration/feepe/feature_matching_eval_hallucination/data/query/low/11_Use the right hand to pick up cup to green trash can/frame_0011.png,low,1
11_Use the right hand to pick up cup to green trash can,/mnt/data/sftp/data/quangpt3/gcvwm/calibration/feepe/feature_matching_eval_hallucination/data/query/low/11_Use the right hand to pick up cup to green trash can/frame_0013.png,low,1
11_Use the right hand to pick up cup to green trash can,/mnt/data/sftp/data/quangpt3/gcvwm/calibration/feepe/feature_matching_eval_hallucination/data/query/low/11_Use the right hand to pick up cup to green trash can/frame_0015.png,low,1
11_Use the right hand to pick up cup to green trash can,/mnt/data/sftp/data/quangpt3/gcvwm/calibration/feepe/feature_matching_eval_hallucination/data/query/low/11_Use the right hand to pick up cup to green trash can/frame_0016.png,low,1
11_Use the right hand to pick up cup to green trash can,/mnt/data/sftp/data/quangpt3/gcvwm/calibration/feepe/feature_matching_eval_hallucination/data/query/low/11_Use the right hand to pick up cup to green trash can/frame_0018.png,low,1
11_Use the right hand to pick up cup to green trash can,/mnt/data/sftp/data/quangpt3/gcvwm/calibration/feepe/feature_matching_eval_hallucination/data/query/low/11_Use the right hand to pick up cup to green trash can/frame_0020.png,low,1
11_Use the right hand to pick up cup to green trash can,/mnt/data/sftp/data/quangpt3/gcvwm/calibration/feepe/feature_matching_eval_hallucination/data/query/low/11_Use the right hand to pick up cup to green trash can/frame_0022.png,low,1
11_Use the right hand to pick up cup to green trash can,/mnt/data/sftp/data/quangpt3/gcvwm/calibration/feepe/feature_matching_eval_hallucination/data/query/low/11_Use the right hand to pick up cup to green trash can/frame_0024.png,low,1
11_Use the right hand to pick up cup to green trash can,/mnt/data/sftp/data/quangpt3/gcvwm/calibration/feepe/feature_matching_eval_hallucination/data/query/low/11_Use the right hand to pick up cup to green trash can/frame_0026.png,low,1
11_Use the right hand to pick up cup to green trash can,/mnt/data/sftp/data/quangpt3/gcvwm/calibration/feepe/feature_matching_eval_hallucination/data/query/low/11_Use the right hand to pick up cup to green trash can/frame_0028.png,low,1
11_Use the right hand to pick up cup to green trash can,/mnt/data/sftp/data/quangpt3/gcvwm/calibration/feepe/feature_matching_eval_hallucination/data/query/low/11_Use the right hand to pick up cup to green trash can/frame_0030.png,low,1
11_Use the right hand to pick up cup to green trash can,/mnt/data/sftp/data/quangpt3/gcvwm/calibration/feepe/feature_matching_eval_hallucination/data/query/low/11_Use the right hand to pick up cup to green trash can/frame_0031.png,low,1
11_Use the right hand to pick up cup to green trash can,/mnt/data/sftp/data/quangpt3/gcvwm/calibration/feepe/feature_matching_eval_hallucination/data/query/low/11_Use the right hand to pick up cup to green trash can/frame_0033.png,low,1
11_Use the right hand to pick up cup to green trash can,/mnt/data/sftp/data/quangpt3/gcvwm/calibration/feepe/feature_matching_eval_hallucination/data/query/low/11_Use the right hand to pick up cup to green trash can/frame_0035.png,low,1
11_Use the right hand to pick up cup to green trash can,/mnt/data/sftp/data/quangpt3/gcvwm/calibration/feepe/feature_matching_eval_hallucination/data/query/low/11_Use the right hand to pick up cup to green trash can/frame_0037.png,low,1
11_Use the right hand to pick up cup to green trash can,/mnt/data/sftp/data/quangpt3/gcvwm/calibration/feepe/feature_matching_eval_hallucination/data/query/low/11_Use the right hand to pick up cup to green trash can/frame_0039.png,low,1
11_Use the right hand to pick up cup to green trash can,/mnt/data/sftp/data/quangpt3/gcvwm/calibration/feepe/feature_matching_eval_hallucination/data/query/low/11_Use the right hand to pick up cup to green trash can/frame_0041.png,low,1
11_Use the right hand to pick up cup to green trash can,/mnt/data/sftp/data/quangpt3/gcvwm/calibration/feepe/feature_matching_eval_hallucination/data/query/low/11_Use the right hand to pick up cup to green trash can/frame_0043.png,low,1
11_Use the right hand to pick up cup to green trash can,/mnt/data/sftp/data/quangpt3/gcvwm/calibration/feepe/feature_matching_eval_hallucination/data/query/low/11_Use the right hand to pick up cup to green trash can/frame_0045.png,low,1
11_Use the right hand to pick up cup to green trash can,/mnt/data/sftp/data/quangpt3/gcvwm/calibration/feepe/feature_matching_eval_hallucination/data/query/low/11_Use the right hand to pick up cup to green trash can/frame_0046.png,low,1
11_Use the right hand to pick up cup to green trash can,/mnt/data/sftp/data/quangpt3/gcvwm/calibration/feepe/feature_matching_eval_hallucination/data/query/low/11_Use the right hand to pick up cup to green trash can/frame_0048.png,low,1
11_Use the right hand to pick up cup to green trash can,/mnt/data/sftp/data/quangpt3/gcvwm/calibration/feepe/feature_matching_eval_hallucination/data/query/low/11_Use the right hand to pick up cup to green trash can/frame_0050.png,low,1
11_Use the right hand to pick up cup to green trash can,/mnt/data/sftp/data/quangpt3/gcvwm/calibration/feepe/feature_matching_eval_hallucination/data/query/low/11_Use the right hand to pick up cup to green trash can/frame_0052.png,low,1
11_Use the right hand to pick up cup to green trash can,/mnt/data/sftp/data/quangpt3/gcvwm/calibration/feepe/feature_matching_eval_hallucination/data/query/low/11_Use the right hand to pick up cup to green trash can/frame_0054.png,low,1
11_Use the right hand to pick up cup to green trash can,/mnt/data/sftp/data/quangpt3/gcvwm/calibration/feepe/feature_matching_eval_hallucination/data/query/low/11_Use the right hand to pick up cup to green trash can/frame_0056.png,low,1
11_Use the right hand to pick up cup to green trash can,/mnt/data/sftp/data/quangpt3/gcvwm/calibration/feepe/feature_matching_eval_hallucination/data/query/low/11_Use the right hand to pick up cup to green trash can/frame_0058.png,low,1
11_Use the right hand to pick up cup to green trash can,/mnt/data/sftp/data/quangpt3/gcvwm/calibration/feepe/feature_matching_eval_hallucination/data/query/low/11_Use the right hand to pick up cup to green trash can/frame_0060.png,low,1
11_Use the right hand to pick up cup to green trash can,/mnt/data/sftp/data/quangpt3/gcvwm/calibration/feepe/feature_matching_eval_hallucination/data/query/low/11_Use the right hand to pick up cup to green trash can/frame_0061.png,low,1
11_Use the right hand to pick up cup to green trash can,/mnt/data/sftp/data/quangpt3/gcvwm/calibration/feepe/feature_matching_eval_hallucination/data/query/low/11_Use the right hand to pick up cup to green trash can/frame_0063.png,low,1
11_Use the right hand to pick up cup to green trash can,/mnt/data/sftp/data/quangpt3/gcvwm/calibration/feepe/feature_matching_eval_hallucination/data/query/low/11_Use the right hand to pick up cup to green trash can/frame_0065.png,low,1
11_Use the right hand to pick up cup to green trash can,/mnt/data/sftp/data/quangpt3/gcvwm/calibration/feepe/feature_matching_eval_hallucination/data/query/low/11_Use the right hand to pick up cup to green trash can/frame_0067.png,low,1
11_Use the right hand to pick up cup to green trash can,/mnt/data/sftp/data/quangpt3/gcvwm/calibration/feepe/feature_matching_eval_hallucination/data/query/low/11_Use the right hand to pick up cup to green trash can/frame_0069.png,low,1
11_Use the right hand to pick up cup to green trash can,/mnt/data/sftp/data/quangpt3/gcvwm/calibration/feepe/feature_matching_eval_hallucination/data/query/low/11_Use the right hand to pick up cup to green trash can/frame_0071.png,low,1
11_Use the right hand to pick up cup to green trash can,/mnt/data/sftp/data/quangpt3/gcvwm/calibration/feepe/feature_matching_eval_hallucination/data/query/low/11_Use the right hand to pick up cup to green trash can/frame_0073.png,low,1
11_Use the right hand to pick up cup to green trash can,/mnt/data/sftp/data/quangpt3/gcvwm/calibration/feepe/feature_matching_eval_hallucination/data/query/low/11_Use the right hand to pick up cup to green trash can/frame_0075.png,low,1
11_Use the right hand to pick up cup to green trash can,/mnt/data/sftp/data/quangpt3/gcvwm/calibration/feepe/feature_matching_eval_hallucination/data/query/low/11_Use the right hand to pick up cup to green trash can/frame_0076.png,low,1
11_Use the right hand to pick up cup to green trash can,/mnt/data/sftp/data/quangpt3/gcvwm/calibration/feepe/feature_matching_eval_hallucination/data/query/low/11_Use the right hand to pick up cup to green trash can/frame_0078.png,low,1
11_Use the right hand to pick up cup to green trash can,/mnt/data/sftp/data/quangpt3/gcvwm/calibration/feepe/feature_matching_eval_hallucination/data/query/low/11_Use the right hand to pick up cup to green trash can/frame_0080.png,low,1
11_Use the right hand to pick up cup to green trash can,/mnt/data/sftp/data/quangpt3/gcvwm/calibration/feepe/feature_matching_eval_hallucination/data/query/low/11_Use the right hand to pick up cup to green trash can/frame_0082.png,low,1
11_Use the right hand to pick up cup to green trash can,/mnt/data/sftp/data/quangpt3/gcvwm/calibration/feepe/feature_matching_eval_hallucination/data/query/low/11_Use the right hand to pick up cup to green trash can/frame_0084.png,low,1
11_Use the right hand to pick up cup to green trash can,/mnt/data/sftp/data/quangpt3/gcvwm/calibration/feepe/feature_matching_eval_hallucination/data/query/low/11_Use the right hand to pick up cup to green trash can/frame_0086.png,low,1
11_Use the right hand to pick up cup to green trash can,/mnt/data/sftp/data/quangpt3/gcvwm/calibration/feepe/feature_matching_eval_hallucination/data/query/low/11_Use the right hand to pick up cup to green trash can/frame_0088.png,low,1
11_Use the right hand to pick up cup to green trash can,/mnt/data/sftp/data/quangpt3/gcvwm/calibration/feepe/feature_matching_eval_hallucination/data/query/low/11_Use the right hand to pick up cup to green trash can/frame_0090.png,low,1
11_Use the right hand to pick up cup to green trash can,/mnt/data/sftp/data/quangpt3/gcvwm/calibration/feepe/feature_matching_eval_hallucination/data/query/low/11_Use the right hand to pick up cup to green trash can/frame_0092.png,low,1
11_Use the right hand to pick up green pepper from black shelf to inside brown paper bag.,/mnt/data/sftp/data/quangpt3/gcvwm/calibration/feepe/feature_matching_eval_hallucination/data/query/low/11_Use the right hand to pick up green pepper from black shelf to inside brown paper bag./frame_0000.png,low,1
11_Use the right hand to pick up green pepper from black shelf to inside brown paper bag.,/mnt/data/sftp/data/quangpt3/gcvwm/calibration/feepe/feature_matching_eval_hallucination/data/query/low/11_Use the right hand to pick up green pepper from black shelf to inside brown paper bag./frame_0001.png,low,1
11_Use the right hand to pick up green pepper from black shelf to inside brown paper bag.,/mnt/data/sftp/data/quangpt3/gcvwm/calibration/feepe/feature_matching_eval_hallucination/data/query/low/11_Use the right hand to pick up green pepper from black shelf to inside brown paper bag./frame_0002.png,low,1
11_Use the right hand to pick up green pepper from black shelf to inside brown paper bag.,/mnt/data/sftp/data/quangpt3/gcvwm/calibration/feepe/feature_matching_eval_hallucination/data/query/low/11_Use the right hand to pick up green pepper from black shelf to inside brown paper bag./frame_0003.png,low,1
11_Use the right hand to pick up green pepper from black shelf to inside brown paper bag.,/mnt/data/sftp/data/quangpt3/gcvwm/calibration/feepe/feature_matching_eval_hallucination/data/query/low/11_Use the right hand to pick up green pepper from black shelf to inside brown paper bag./frame_0004.png,low,1
11_Use the right hand to pick up green pepper from black shelf to inside brown paper bag.,/mnt/data/sftp/data/quangpt3/gcvwm/calibration/feepe/feature_matching_eval_hallucination/data/query/low/11_Use the right hand to pick up green pepper from black shelf to inside brown paper bag./frame_0005.png,low,1
11_Use the right hand to pick up green pepper from black shelf to inside brown paper bag.,/mnt/data/sftp/data/quangpt3/gcvwm/calibration/feepe/feature_matching_eval_hallucination/data/query/low/11_Use the right hand to pick up green pepper from black shelf to inside brown paper bag./frame_0006.png,low,1
11_Use the right hand to pick up green pepper from black shelf to inside brown paper bag.,/mnt/data/sftp/data/quangpt3/gcvwm/calibration/feepe/feature_matching_eval_hallucination/data/query/low/11_Use the right hand to pick up green pepper from black shelf to inside brown paper bag./frame_0007.png,low,1
11_Use the right hand to pick up green pepper from black shelf to inside brown paper bag.,/mnt/data/sftp/data/quangpt3/gcvwm/calibration/feepe/feature_matching_eval_hallucination/data/query/low/11_Use the right hand to pick up green pepper from black shelf to inside brown paper bag./frame_0009.png,low,1
11_Use the right hand to pick up green pepper from black shelf to inside brown paper bag.,/mnt/data/sftp/data/quangpt3/gcvwm/calibration/feepe/feature_matching_eval_hallucination/data/query/low/11_Use the right hand to pick up green pepper from black shelf to inside brown paper bag./frame_0011.png,low,1
11_Use the right hand to pick up green pepper from black shelf to inside brown paper bag.,/mnt/data/sftp/data/quangpt3/gcvwm/calibration/feepe/feature_matching_eval_hallucination/data/query/low/11_Use the right hand to pick up green pepper from black shelf to inside brown paper bag./frame_0013.png,low,1
11_Use the right hand to pick up green pepper from black shelf to inside brown paper bag.,/mnt/data/sftp/data/quangpt3/gcvwm/calibration/feepe/feature_matching_eval_hallucination/data/query/low/11_Use the right hand to pick up green pepper from black shelf to inside brown paper bag./frame_0015.png,low,1
11_Use the right hand to pick up green pepper from black shelf to inside brown paper bag.,/mnt/data/sftp/data/quangpt3/gcvwm/calibration/feepe/feature_matching_eval_hallucination/data/query/low/11_Use the right hand to pick up green pepper from black shelf to inside brown paper bag./frame_0016.png,low,1
11_Use the right hand to pick up green pepper from black shelf to inside brown paper bag.,/mnt/data/sftp/data/quangpt3/gcvwm/calibration/feepe/feature_matching_eval_hallucination/data/query/low/11_Use the right hand to pick up green pepper from black shelf to inside brown paper bag./frame_0018.png,low,1
11_Use the right hand to pick up green pepper from black shelf to inside brown paper bag.,/mnt/data/sftp/data/quangpt3/gcvwm/calibration/feepe/feature_matching_eval_hallucination/data/query/low/11_Use the right hand to pick up green pepper from black shelf to inside brown paper bag./frame_0020.png,low,1
11_Use the right hand to pick up green pepper from black shelf to inside brown paper bag.,/mnt/data/sftp/data/quangpt3/gcvwm/calibration/feepe/feature_matching_eval_hallucination/data/query/low/11_Use the right hand to pick up green pepper from black shelf to inside brown paper bag./frame_0022.png,low,1
11_Use the right hand to pick up green pepper from black shelf to inside brown paper bag.,/mnt/data/sftp/data/quangpt3/gcvwm/calibration/feepe/feature_matching_eval_hallucination/data/query/low/11_Use the right hand to pick up green pepper from black shelf to inside brown paper bag./frame_0024.png,low,1
11_Use the right hand to pick up green pepper from black shelf to inside brown paper bag.,/mnt/data/sftp/data/quangpt3/gcvwm/calibration/feepe/feature_matching_eval_hallucination/data/query/low/11_Use the right hand to pick up green pepper from black shelf to inside brown paper bag./frame_0026.png,low,1
11_Use the right hand to pick up green pepper from black shelf to inside brown paper bag.,/mnt/data/sftp/data/quangpt3/gcvwm/calibration/feepe/feature_matching_eval_hallucination/data/query/low/11_Use the right hand to pick up green pepper from black shelf to inside brown paper bag./frame_0028.png,low,1
11_Use the right hand to pick up green pepper from black shelf to inside brown paper bag.,/mnt/data/sftp/data/quangpt3/gcvwm/calibration/feepe/feature_matching_eval_hallucination/data/query/low/11_Use the right hand to pick up green pepper from black shelf to inside brown paper bag./frame_0030.png,low,1
11_Use the right hand to pick up green pepper from black shelf to inside brown paper bag.,/mnt/data/sftp/data/quangpt3/gcvwm/calibration/feepe/feature_matching_eval_hallucination/data/query/low/11_Use the right hand to pick up green pepper from black shelf to inside brown paper bag./frame_0031.png,low,1
11_Use the right hand to pick up green pepper from black shelf to inside brown paper bag.,/mnt/data/sftp/data/quangpt3/gcvwm/calibration/feepe/feature_matching_eval_hallucination/data/query/low/11_Use the right hand to pick up green pepper from black shelf to inside brown paper bag./frame_0033.png,low,1
11_Use the right hand to pick up green pepper from black shelf to inside brown paper bag.,/mnt/data/sftp/data/quangpt3/gcvwm/calibration/feepe/feature_matching_eval_hallucination/data/query/low/11_Use the right hand to pick up green pepper from black shelf to inside brown paper bag./frame_0035.png,low,1
11_Use the right hand to pick up green pepper from black shelf to inside brown paper bag.,/mnt/data/sftp/data/quangpt3/gcvwm/calibration/feepe/feature_matching_eval_hallucination/data/query/low/11_Use the right hand to pick up green pepper from black shelf to inside brown paper bag./frame_0037.png,low,1
11_Use the right hand to pick up green pepper from black shelf to inside brown paper bag.,/mnt/data/sftp/data/quangpt3/gcvwm/calibration/feepe/feature_matching_eval_hallucination/data/query/low/11_Use the right hand to pick up green pepper from black shelf to inside brown paper bag./frame_0039.png,low,1
11_Use the right hand to pick up green pepper from black shelf to inside brown paper bag.,/mnt/data/sftp/data/quangpt3/gcvwm/calibration/feepe/feature_matching_eval_hallucination/data/query/low/11_Use the right hand to pick up green pepper from black shelf to inside brown paper bag./frame_0041.png,low,1
11_Use the right hand to pick up green pepper from black shelf to inside brown paper bag.,/mnt/data/sftp/data/quangpt3/gcvwm/calibration/feepe/feature_matching_eval_hallucination/data/query/low/11_Use the right hand to pick up green pepper from black shelf to inside brown paper bag./frame_0043.png,low,1
11_Use the right hand to pick up green pepper from black shelf to inside brown paper bag.,/mnt/data/sftp/data/quangpt3/gcvwm/calibration/feepe/feature_matching_eval_hallucination/data/query/low/11_Use the right hand to pick up green pepper from black shelf to inside brown paper bag./frame_0045.png,low,1
11_Use the right hand to pick up green pepper from black shelf to inside brown paper bag.,/mnt/data/sftp/data/quangpt3/gcvwm/calibration/feepe/feature_matching_eval_hallucination/data/query/low/11_Use the right hand to pick up green pepper from black shelf to inside brown paper bag./frame_0046.png,low,1
11_Use the right hand to pick up green pepper from black shelf to inside brown paper bag.,/mnt/data/sftp/data/quangpt3/gcvwm/calibration/feepe/feature_matching_eval_hallucination/data/query/low/11_Use the right hand to pick up green pepper from black shelf to inside brown paper bag./frame_0048.png,low,1
11_Use the right hand to pick up green pepper from black shelf to inside brown paper bag.,/mnt/data/sftp/data/quangpt3/gcvwm/calibration/feepe/feature_matching_eval_hallucination/data/query/low/11_Use the right hand to pick up green pepper from black shelf to inside brown paper bag./frame_0050.png,low,1
11_Use the right hand to pick up green pepper from black shelf to inside brown paper bag.,/mnt/data/sftp/data/quangpt3/gcvwm/calibration/feepe/feature_matching_eval_hallucination/data/query/low/11_Use the right hand to pick up green pepper from black shelf to inside brown paper bag./frame_0052.png,low,1
11_Use the right hand to pick up green pepper from black shelf to inside brown paper bag.,/mnt/data/sftp/data/quangpt3/gcvwm/calibration/feepe/feature_matching_eval_hallucination/data/query/low/11_Use the right hand to pick up green pepper from black shelf to inside brown paper bag./frame_0054.png,low,1
11_Use the right hand to pick up green pepper from black shelf to inside brown paper bag.,/mnt/data/sftp/data/quangpt3/gcvwm/calibration/feepe/feature_matching_eval_hallucination/data/query/low/11_Use the right hand to pick up green pepper from black shelf to inside brown paper bag./frame_0056.png,low,1
11_Use the right hand to pick up green pepper from black shelf to inside brown paper bag.,/mnt/data/sftp/data/quangpt3/gcvwm/calibration/feepe/feature_matching_eval_hallucination/data/query/low/11_Use the right hand to pick up green pepper from black shelf to inside brown paper bag./frame_0058.png,low,1
11_Use the right hand to pick up green pepper from black shelf to inside brown paper bag.,/mnt/data/sftp/data/quangpt3/gcvwm/calibration/feepe/feature_matching_eval_hallucination/data/query/low/11_Use the right hand to pick up green pepper from black shelf to inside brown paper bag./frame_0060.png,low,1
11_Use the right hand to pick up green pepper from black shelf to inside brown paper bag.,/mnt/data/sftp/data/quangpt3/gcvwm/calibration/feepe/feature_matching_eval_hallucination/data/query/low/11_Use the right hand to pick up green pepper from black shelf to inside brown paper bag./frame_0061.png,low,1
11_Use the right hand to pick up green pepper from black shelf to inside brown paper bag.,/mnt/data/sftp/data/quangpt3/gcvwm/calibration/feepe/feature_matching_eval_hallucination/data/query/low/11_Use the right hand to pick up green pepper from black shelf to inside brown paper bag./frame_0063.png,low,1
11_Use the right hand to pick up green pepper from black shelf to inside brown paper bag.,/mnt/data/sftp/data/quangpt3/gcvwm/calibration/feepe/feature_matching_eval_hallucination/data/query/low/11_Use the right hand to pick up green pepper from black shelf to inside brown paper bag./frame_0065.png,low,1
11_Use the right hand to pick up green pepper from black shelf to inside brown paper bag.,/mnt/data/sftp/data/quangpt3/gcvwm/calibration/feepe/feature_matching_eval_hallucination/data/query/low/11_Use the right hand to pick up green pepper from black shelf to inside brown paper bag./frame_0067.png,low,1
11_Use the right hand to pick up green pepper from black shelf to inside brown paper bag.,/mnt/data/sftp/data/quangpt3/gcvwm/calibration/feepe/feature_matching_eval_hallucination/data/query/low/11_Use the right hand to pick up green pepper from black shelf to inside brown paper bag./frame_0069.png,low,1
11_Use the right hand to pick up green pepper from black shelf to inside brown paper bag.,/mnt/data/sftp/data/quangpt3/gcvwm/calibration/feepe/feature_matching_eval_hallucination/data/query/low/11_Use the right hand to pick up green pepper from black shelf to inside brown paper bag./frame_0071.png,low,1
11_Use the right hand to pick up green pepper from black shelf to inside brown paper bag.,/mnt/data/sftp/data/quangpt3/gcvwm/calibration/feepe/feature_matching_eval_hallucination/data/query/low/11_Use the right hand to pick up green pepper from black shelf to inside brown paper bag./frame_0073.png,low,1
11_Use the right hand to pick up green pepper from black shelf to inside brown paper bag.,/mnt/data/sftp/data/quangpt3/gcvwm/calibration/feepe/feature_matching_eval_hallucination/data/query/low/11_Use the right hand to pick up green pepper from black shelf to inside brown paper bag./frame_0075.png,low,1
11_Use the right hand to pick up green pepper from black shelf to inside brown paper bag.,/mnt/data/sftp/data/quangpt3/gcvwm/calibration/feepe/feature_matching_eval_hallucination/data/query/low/11_Use the right hand to pick up green pepper from black shelf to inside brown paper bag./frame_0076.png,low,1
11_Use the right hand to pick up green pepper from black shelf to inside brown paper bag.,/mnt/data/sftp/data/quangpt3/gcvwm/calibration/feepe/feature_matching_eval_hallucination/data/query/low/11_Use the right hand to pick up green pepper from black shelf to inside brown paper bag./frame_0078.png,low,1
11_Use the right hand to pick up green pepper from black shelf to inside brown paper bag.,/mnt/data/sftp/data/quangpt3/gcvwm/calibration/feepe/feature_matching_eval_hallucination/data/query/low/11_Use the right hand to pick up green pepper from black shelf to inside brown paper bag./frame_0080.png,low,1
11_Use the right hand to pick up green pepper from black shelf to inside brown paper bag.,/mnt/data/sftp/data/quangpt3/gcvwm/calibration/feepe/feature_matching_eval_hallucination/data/query/low/11_Use the right hand to pick up green pepper from black shelf to inside brown paper bag./frame_0082.png,low,1
11_Use the right hand to pick up green pepper from black shelf to inside brown paper bag.,/mnt/data/sftp/data/quangpt3/gcvwm/calibration/feepe/feature_matching_eval_hallucination/data/query/low/11_Use the right hand to pick up green pepper from black shelf to inside brown paper bag./frame_0084.png,low,1
11_Use the right hand to pick up green pepper from black shelf to inside brown paper bag.,/mnt/data/sftp/data/quangpt3/gcvwm/calibration/feepe/feature_matching_eval_hallucination/data/query/low/11_Use the right hand to pick up green pepper from black shelf to inside brown paper bag./frame_0086.png,low,1
11_Use the right hand to pick up green pepper from black shelf to inside brown paper bag.,/mnt/data/sftp/data/quangpt3/gcvwm/calibration/feepe/feature_matching_eval_hallucination/data/query/low/11_Use the right hand to pick up green pepper from black shelf to inside brown paper bag./frame_0088.png,low,1
11_Use the right hand to pick up green pepper from black shelf to inside brown paper bag.,/mnt/data/sftp/data/quangpt3/gcvwm/calibration/feepe/feature_matching_eval_hallucination/data/query/low/11_Use the right hand to pick up green pepper from black shelf to inside brown paper bag./frame_0090.png,low,1
11_Use the right hand to pick up green pepper from black shelf to inside brown paper bag.,/mnt/data/sftp/data/quangpt3/gcvwm/calibration/feepe/feature_matching_eval_hallucination/data/query/low/11_Use the right hand to pick up green pepper from black shelf to inside brown paper bag./frame_0092.png,low,1
12_Use the right hand to pick up orange to metal platform,/mnt/data/sftp/data/quangpt3/gcvwm/calibration/feepe/feature_matching_eval_hallucination/data/query/low/12_Use the right hand to pick up orange to metal platform/frame_0000.png,low,1
12_Use the right hand to pick up orange to metal platform,/mnt/data/sftp/data/quangpt3/gcvwm/calibration/feepe/feature_matching_eval_hallucination/data/query/low/12_Use the right hand to pick up orange to metal platform/frame_0001.png,low,1
12_Use the right hand to pick up orange to metal platform,/mnt/data/sftp/data/quangpt3/gcvwm/calibration/feepe/feature_matching_eval_hallucination/data/query/low/12_Use the right hand to pick up orange to metal platform/frame_0002.png,low,1
12_Use the right hand to pick up orange to metal platform,/mnt/data/sftp/data/quangpt3/gcvwm/calibration/feepe/feature_matching_eval_hallucination/data/query/low/12_Use the right hand to pick up orange to metal platform/frame_0003.png,low,1
12_Use the right hand to pick up orange to metal platform,/mnt/data/sftp/data/quangpt3/gcvwm/calibration/feepe/feature_matching_eval_hallucination/data/query/low/12_Use the right hand to pick up orange to metal platform/frame_0004.png,low,1
12_Use the right hand to pick up orange to metal platform,/mnt/data/sftp/data/quangpt3/gcvwm/calibration/feepe/feature_matching_eval_hallucination/data/query/low/12_Use the right hand to pick up orange to metal platform/frame_0005.png,low,1
12_Use the right hand to pick up orange to metal platform,/mnt/data/sftp/data/quangpt3/gcvwm/calibration/feepe/feature_matching_eval_hallucination/data/query/low/12_Use the right hand to pick up orange to metal platform/frame_0006.png,low,1
12_Use the right hand to pick up orange to metal platform,/mnt/data/sftp/data/quangpt3/gcvwm/calibration/feepe/feature_matching_eval_hallucination/data/query/low/12_Use the right hand to pick up orange to metal platform/frame_0007.png,low,1
12_Use the right hand to pick up orange to metal platform,/mnt/data/sftp/data/quangpt3/gcvwm/calibration/feepe/feature_matching_eval_hallucination/data/query/low/12_Use the right hand to pick up orange to metal platform/frame_0009.png,low,1
12_Use the right hand to pick up orange to metal platform,/mnt/data/sftp/data/quangpt3/gcvwm/calibration/feepe/feature_matching_eval_hallucination/data/query/low/12_Use the right hand to pick up orange to metal platform/frame_0011.png,low,1
12_Use the right hand to pick up orange to metal platform,/mnt/data/sftp/data/quangpt3/gcvwm/calibration/feepe/feature_matching_eval_hallucination/data/query/low/12_Use the right hand to pick up orange to metal platform/frame_0013.png,low,1
12_Use the right hand to pick up orange to metal platform,/mnt/data/sftp/data/quangpt3/gcvwm/calibration/feepe/feature_matching_eval_hallucination/data/query/low/12_Use the right hand to pick up orange to metal platform/frame_0015.png,low,1
12_Use the right hand to pick up orange to metal platform,/mnt/data/sftp/data/quangpt3/gcvwm/calibration/feepe/feature_matching_eval_hallucination/data/query/low/12_Use the right hand to pick up orange to metal platform/frame_0016.png,low,1
12_Use the right hand to pick up orange to metal platform,/mnt/data/sftp/data/quangpt3/gcvwm/calibration/feepe/feature_matching_eval_hallucination/data/query/low/12_Use the right hand to pick up orange to metal platform/frame_0018.png,low,1
12_Use the right hand to pick up orange to metal platform,/mnt/data/sftp/data/quangpt3/gcvwm/calibration/feepe/feature_matching_eval_hallucination/data/query/low/12_Use the right hand to pick up orange to metal platform/frame_0020.png,low,1
12_Use the right hand to pick up orange to metal platform,/mnt/data/sftp/data/quangpt3/gcvwm/calibration/feepe/feature_matching_eval_hallucination/data/query/low/12_Use the right hand to pick up orange to metal platform/frame_0022.png,low,1
12_Use the right hand to pick up orange to metal platform,/mnt/data/sftp/data/quangpt3/gcvwm/calibration/feepe/feature_matching_eval_hallucination/data/query/low/12_Use the right hand to pick up orange to metal platform/frame_0024.png,low,1
12_Use the right hand to pick up orange to metal platform,/mnt/data/sftp/data/quangpt3/gcvwm/calibration/feepe/feature_matching_eval_hallucination/data/query/low/12_Use the right hand to pick up orange to metal platform/frame_0026.png,low,1
12_Use the right hand to pick up orange to metal platform,/mnt/data/sftp/data/quangpt3/gcvwm/calibration/feepe/feature_matching_eval_hallucination/data/query/low/12_Use the right hand to pick up orange to metal platform/frame_0028.png,low,1
12_Use the right hand to pick up orange to metal platform,/mnt/data/sftp/data/quangpt3/gcvwm/calibration/feepe/feature_matching_eval_hallucination/data/query/low/12_Use the right hand to pick up orange to metal platform/frame_0030.png,low,1
12_Use the right hand to pick up orange to metal platform,/mnt/data/sftp/data/quangpt3/gcvwm/calibration/feepe/feature_matching_eval_hallucination/data/query/low/12_Use the right hand to pick up orange to metal platform/frame_0031.png,low,1
12_Use the right hand to pick up orange to metal platform,/mnt/data/sftp/data/quangpt3/gcvwm/calibration/feepe/feature_matching_eval_hallucination/data/query/low/12_Use the right hand to pick up orange to metal platform/frame_0033.png,low,1
12_Use the right hand to pick up orange to metal platform,/mnt/data/sftp/data/quangpt3/gcvwm/calibration/feepe/feature_matching_eval_hallucination/data/query/low/12_Use the right hand to pick up orange to metal platform/frame_0035.png,low,1
12_Use the right hand to pick up orange to metal platform,/mnt/data/sftp/data/quangpt3/gcvwm/calibration/feepe/feature_matching_eval_hallucination/data/query/low/12_Use the right hand to pick up orange to metal platform/frame_0037.png,low,1
12_Use the right hand to pick up orange to metal platform,/mnt/data/sftp/data/quangpt3/gcvwm/calibration/feepe/feature_matching_eval_hallucination/data/query/low/12_Use the right hand to pick up orange to metal platform/frame_0039.png,low,1
12_Use the right hand to pick up orange to metal platform,/mnt/data/sftp/data/quangpt3/gcvwm/calibration/feepe/feature_matching_eval_hallucination/data/query/low/12_Use the right hand to pick up orange to metal platform/frame_0041.png,low,1
12_Use the right hand to pick up orange to metal platform,/mnt/data/sftp/data/quangpt3/gcvwm/calibration/feepe/feature_matching_eval_hallucination/data/query/low/12_Use the right hand to pick up orange to metal platform/frame_0043.png,low,1
12_Use the right hand to pick up orange to metal platform,/mnt/data/sftp/data/quangpt3/gcvwm/calibration/feepe/feature_matching_eval_hallucination/data/query/low/12_Use the right hand to pick up orange to metal platform/frame_0045.png,low,1
12_Use the right hand to pick up orange to metal platform,/mnt/data/sftp/data/quangpt3/gcvwm/calibration/feepe/feature_matching_eval_hallucination/data/query/low/12_Use the right hand to pick up orange to metal platform/frame_0046.png,low,1
12_Use the right hand to pick up orange to metal platform,/mnt/data/sftp/data/quangpt3/gcvwm/calibration/feepe/feature_matching_eval_hallucination/data/query/low/12_Use the right hand to pick up orange to metal platform/frame_0048.png,low,1
12_Use the right hand to pick up orange to metal platform,/mnt/data/sftp/data/quangpt3/gcvwm/calibration/feepe/feature_matching_eval_hallucination/data/query/low/12_Use the right hand to pick up orange to metal platform/frame_0050.png,low,1
12_Use the right hand to pick up orange to metal platform,/mnt/data/sftp/data/quangpt3/gcvwm/calibration/feepe/feature_matching_eval_hallucination/data/query/low/12_Use the right hand to pick up orange to metal platform/frame_0052.png,low,1
12_Use the right hand to pick up orange to metal platform,/mnt/data/sftp/data/quangpt3/gcvwm/calibration/feepe/feature_matching_eval_hallucination/data/query/low/12_Use the right hand to pick up orange to metal platform/frame_0054.png,low,1
12_Use the right hand to pick up orange to metal platform,/mnt/data/sftp/data/quangpt3/gcvwm/calibration/feepe/feature_matching_eval_hallucination/data/query/low/12_Use the right hand to pick up orange to metal platform/frame_0056.png,low,1
12_Use the right hand to pick up orange to metal platform,/mnt/data/sftp/data/quangpt3/gcvwm/calibration/feepe/feature_matching_eval_hallucination/data/query/low/12_Use the right hand to pick up orange to metal platform/frame_0058.png,low,1
12_Use the right hand to pick up orange to metal platform,/mnt/data/sftp/data/quangpt3/gcvwm/calibration/feepe/feature_matching_eval_hallucination/data/query/low/12_Use the right hand to pick up orange to metal platform/frame_0060.png,low,1
12_Use the right hand to pick up orange to metal platform,/mnt/data/sftp/data/quangpt3/gcvwm/calibration/feepe/feature_matching_eval_hallucination/data/query/low/12_Use the right hand to pick up orange to metal platform/frame_0061.png,low,1
12_Use the right hand to pick up orange to metal platform,/mnt/data/sftp/data/quangpt3/gcvwm/calibration/feepe/feature_matching_eval_hallucination/data/query/low/12_Use the right hand to pick up orange to metal platform/frame_0063.png,low,1
12_Use the right hand to pick up orange to metal platform,/mnt/data/sftp/data/quangpt3/gcvwm/calibration/feepe/feature_matching_eval_hallucination/data/query/low/12_Use the right hand to pick up orange to metal platform/frame_0065.png,low,1
12_Use the right hand to pick up orange to metal platform,/mnt/data/sftp/data/quangpt3/gcvwm/calibration/feepe/feature_matching_eval_hallucination/data/query/low/12_Use the right hand to pick up orange to metal platform/frame_0067.png,low,1
12_Use the right hand to pick up orange to metal platform,/mnt/data/sftp/data/quangpt3/gcvwm/calibration/feepe/feature_matching_eval_hallucination/data/query/low/12_Use the right hand to pick up orange to metal platform/frame_0069.png,low,1
12_Use the right hand to pick up orange to metal platform,/mnt/data/sftp/data/quangpt3/gcvwm/calibration/feepe/feature_matching_eval_hallucination/data/query/low/12_Use the right hand to pick up orange to metal platform/frame_0071.png,low,1
12_Use the right hand to pick up orange to metal platform,/mnt/data/sftp/data/quangpt3/gcvwm/calibration/feepe/feature_matching_eval_hallucination/data/query/low/12_Use the right hand to pick up orange to metal platform/frame_0073.png,low,1
12_Use the right hand to pick up orange to metal platform,/mnt/data/sftp/data/quangpt3/gcvwm/calibration/feepe/feature_matching_eval_hallucination/data/query/low/12_Use the right hand to pick up orange to metal platform/frame_0075.png,low,1
12_Use the right hand to pick up orange to metal platform,/mnt/data/sftp/data/quangpt3/gcvwm/calibration/feepe/feature_matching_eval_hallucination/data/query/low/12_Use the right hand to pick up orange to metal platform/frame_0076.png,low,1
12_Use the right hand to pick up orange to metal platform,/mnt/data/sftp/data/quangpt3/gcvwm/calibration/feepe/feature_matching_eval_hallucination/data/query/low/12_Use the right hand to pick up orange to metal platform/frame_0078.png,low,1
12_Use the right hand to pick up orange to metal platform,/mnt/data/sftp/data/quangpt3/gcvwm/calibration/feepe/feature_matching_eval_hallucination/data/query/low/12_Use the right hand to pick up orange to metal platform/frame_0080.png,low,1
12_Use the right hand to pick up orange to metal platform,/mnt/data/sftp/data/quangpt3/gcvwm/calibration/feepe/feature_matching_eval_hallucination/data/query/low/12_Use the right hand to pick up orange to metal platform/frame_0082.png,low,1
12_Use the right hand to pick up orange to metal platform,/mnt/data/sftp/data/quangpt3/gcvwm/calibration/feepe/feature_matching_eval_hallucination/data/query/low/12_Use the right hand to pick up orange to metal platform/frame_0084.png,low,1
12_Use the right hand to pick up orange to metal platform,/mnt/data/sftp/data/quangpt3/gcvwm/calibration/feepe/feature_matching_eval_hallucination/data/query/low/12_Use the right hand to pick up orange to metal platform/frame_0086.png,low,1
12_Use the right hand to pick up orange to metal platform,/mnt/data/sftp/data/quangpt3/gcvwm/calibration/feepe/feature_matching_eval_hallucination/data/query/low/12_Use the right hand to pick up orange to metal platform/frame_0088.png,low,1
12_Use the right hand to pick up orange to metal platform,/mnt/data/sftp/data/quangpt3/gcvwm/calibration/feepe/feature_matching_eval_hallucination/data/query/low/12_Use the right hand to pick up orange to metal platform/frame_0090.png,low,1
12_Use the right hand to pick up orange to metal platform,/mnt/data/sftp/data/quangpt3/gcvwm/calibration/feepe/feature_matching_eval_hallucination/data/query/low/12_Use the right hand to pick up orange to metal platform/frame_0092.png,low,1
13_Use the right hand to pick up red bell pepper from center of tan countertop to brown bottom rack.,/mnt/data/sftp/data/quangpt3/gcvwm/calibration/feepe/feature_matching_eval_hallucination/data/query/low/13_Use the right hand to pick up red bell pepper from center of tan countertop to brown bottom rack./frame_0000.png,low,1
13_Use the right hand to pick up red bell pepper from center of tan countertop to brown bottom rack.,/mnt/data/sftp/data/quangpt3/gcvwm/calibration/feepe/feature_matching_eval_hallucination/data/query/low/13_Use the right hand to pick up red bell pepper from center of tan countertop to brown bottom rack./frame_0001.png,low,1
13_Use the right hand to pick up red bell pepper from center of tan countertop to brown bottom rack.,/mnt/data/sftp/data/quangpt3/gcvwm/calibration/feepe/feature_matching_eval_hallucination/data/query/low/13_Use the right hand to pick up red bell pepper from center of tan countertop to brown bottom rack./frame_0002.png,low,1
13_Use the right hand to pick up red bell pepper from center of tan countertop to brown bottom rack.,/mnt/data/sftp/data/quangpt3/gcvwm/calibration/feepe/feature_matching_eval_hallucination/data/query/low/13_Use the right hand to pick up red bell pepper from center of tan countertop to brown bottom rack./frame_0003.png,low,1
13_Use the right hand to pick up red bell pepper from center of tan countertop to brown bottom rack.,/mnt/data/sftp/data/quangpt3/gcvwm/calibration/feepe/feature_matching_eval_hallucination/data/query/low/13_Use the right hand to pick up red bell pepper from center of tan countertop to brown bottom rack./frame_0004.png,low,1
13_Use the right hand to pick up red bell pepper from center of tan countertop to brown bottom rack.,/mnt/data/sftp/data/quangpt3/gcvwm/calibration/feepe/feature_matching_eval_hallucination/data/query/low/13_Use the right hand to pick up red bell pepper from center of tan countertop to brown bottom rack./frame_0005.png,low,1
13_Use the right hand to pick up red bell pepper from center of tan countertop to brown bottom rack.,/mnt/data/sftp/data/quangpt3/gcvwm/calibration/feepe/feature_matching_eval_hallucination/data/query/low/13_Use the right hand to pick up red bell pepper from center of tan countertop to brown bottom rack./frame_0006.png,low,1
13_Use the right hand to pick up red bell pepper from center of tan countertop to brown bottom rack.,/mnt/data/sftp/data/quangpt3/gcvwm/calibration/feepe/feature_matching_eval_hallucination/data/query/low/13_Use the right hand to pick up red bell pepper from center of tan countertop to brown bottom rack./frame_0007.png,low,1
13_Use the right hand to pick up red bell pepper from center of tan countertop to brown bottom rack.,/mnt/data/sftp/data/quangpt3/gcvwm/calibration/feepe/feature_matching_eval_hallucination/data/query/low/13_Use the right hand to pick up red bell pepper from center of tan countertop to brown bottom rack./frame_0009.png,low,1
13_Use the right hand to pick up red bell pepper from center of tan countertop to brown bottom rack.,/mnt/data/sftp/data/quangpt3/gcvwm/calibration/feepe/feature_matching_eval_hallucination/data/query/low/13_Use the right hand to pick up red bell pepper from center of tan countertop to brown bottom rack./frame_0011.png,low,1
13_Use the right hand to pick up red bell pepper from center of tan countertop to brown bottom rack.,/mnt/data/sftp/data/quangpt3/gcvwm/calibration/feepe/feature_matching_eval_hallucination/data/query/low/13_Use the right hand to pick up red bell pepper from center of tan countertop to brown bottom rack./frame_0013.png,low,1
13_Use the right hand to pick up red bell pepper from center of tan countertop to brown bottom rack.,/mnt/data/sftp/data/quangpt3/gcvwm/calibration/feepe/feature_matching_eval_hallucination/data/query/low/13_Use the right hand to pick up red bell pepper from center of tan countertop to brown bottom rack./frame_0015.png,low,1
13_Use the right hand to pick up red bell pepper from center of tan countertop to brown bottom rack.,/mnt/data/sftp/data/quangpt3/gcvwm/calibration/feepe/feature_matching_eval_hallucination/data/query/low/13_Use the right hand to pick up red bell pepper from center of tan countertop to brown bottom rack./frame_0016.png,low,1
13_Use the right hand to pick up red bell pepper from center of tan countertop to brown bottom rack.,/mnt/data/sftp/data/quangpt3/gcvwm/calibration/feepe/feature_matching_eval_hallucination/data/query/low/13_Use the right hand to pick up red bell pepper from center of tan countertop to brown bottom rack./frame_0018.png,low,1
13_Use the right hand to pick up red bell pepper from center of tan countertop to brown bottom rack.,/mnt/data/sftp/data/quangpt3/gcvwm/calibration/feepe/feature_matching_eval_hallucination/data/query/low/13_Use the right hand to pick up red bell pepper from center of tan countertop to brown bottom rack./frame_0020.png,low,1
13_Use the right hand to pick up red bell pepper from center of tan countertop to brown bottom rack.,/mnt/data/sftp/data/quangpt3/gcvwm/calibration/feepe/feature_matching_eval_hallucination/data/query/low/13_Use the right hand to pick up red bell pepper from center of tan countertop to brown bottom rack./frame_0022.png,low,1
13_Use the right hand to pick up red bell pepper from center of tan countertop to brown bottom rack.,/mnt/data/sftp/data/quangpt3/gcvwm/calibration/feepe/feature_matching_eval_hallucination/data/query/low/13_Use the right hand to pick up red bell pepper from center of tan countertop to brown bottom rack./frame_0024.png,low,1
13_Use the right hand to pick up red bell pepper from center of tan countertop to brown bottom rack.,/mnt/data/sftp/data/quangpt3/gcvwm/calibration/feepe/feature_matching_eval_hallucination/data/query/low/13_Use the right hand to pick up red bell pepper from center of tan countertop to brown bottom rack./frame_0026.png,low,1
13_Use the right hand to pick up red bell pepper from center of tan countertop to brown bottom rack.,/mnt/data/sftp/data/quangpt3/gcvwm/calibration/feepe/feature_matching_eval_hallucination/data/query/low/13_Use the right hand to pick up red bell pepper from center of tan countertop to brown bottom rack./frame_0028.png,low,1
13_Use the right hand to pick up red bell pepper from center of tan countertop to brown bottom rack.,/mnt/data/sftp/data/quangpt3/gcvwm/calibration/feepe/feature_matching_eval_hallucination/data/query/low/13_Use the right hand to pick up red bell pepper from center of tan countertop to brown bottom rack./frame_0030.png,low,1
13_Use the right hand to pick up red bell pepper from center of tan countertop to brown bottom rack.,/mnt/data/sftp/data/quangpt3/gcvwm/calibration/feepe/feature_matching_eval_hallucination/data/query/low/13_Use the right hand to pick up red bell pepper from center of tan countertop to brown bottom rack./frame_0031.png,low,1
13_Use the right hand to pick up red bell pepper from center of tan countertop to brown bottom rack.,/mnt/data/sftp/data/quangpt3/gcvwm/calibration/feepe/feature_matching_eval_hallucination/data/query/low/13_Use the right hand to pick up red bell pepper from center of tan countertop to brown bottom rack./frame_0033.png,low,1
13_Use the right hand to pick up red bell pepper from center of tan countertop to brown bottom rack.,/mnt/data/sftp/data/quangpt3/gcvwm/calibration/feepe/feature_matching_eval_hallucination/data/query/low/13_Use the right hand to pick up red bell pepper from center of tan countertop to brown bottom rack./frame_0035.png,low,1
13_Use the right hand to pick up red bell pepper from center of tan countertop to brown bottom rack.,/mnt/data/sftp/data/quangpt3/gcvwm/calibration/feepe/feature_matching_eval_hallucination/data/query/low/13_Use the right hand to pick up red bell pepper from center of tan countertop to brown bottom rack./frame_0037.png,low,1
13_Use the right hand to pick up red bell pepper from center of tan countertop to brown bottom rack.,/mnt/data/sftp/data/quangpt3/gcvwm/calibration/feepe/feature_matching_eval_hallucination/data/query/low/13_Use the right hand to pick up red bell pepper from center of tan countertop to brown bottom rack./frame_0039.png,low,1
13_Use the right hand to pick up red bell pepper from center of tan countertop to brown bottom rack.,/mnt/data/sftp/data/quangpt3/gcvwm/calibration/feepe/feature_matching_eval_hallucination/data/query/low/13_Use the right hand to pick up red bell pepper from center of tan countertop to brown bottom rack./frame_0041.png,low,1
13_Use the right hand to pick up red bell pepper from center of tan countertop to brown bottom rack.,/mnt/data/sftp/data/quangpt3/gcvwm/calibration/feepe/feature_matching_eval_hallucination/data/query/low/13_Use the right hand to pick up red bell pepper from center of tan countertop to brown bottom rack./frame_0043.png,low,1
13_Use the right hand to pick up red bell pepper from center of tan countertop to brown bottom rack.,/mnt/data/sftp/data/quangpt3/gcvwm/calibration/feepe/feature_matching_eval_hallucination/data/query/low/13_Use the right hand to pick up red bell pepper from center of tan countertop to brown bottom rack./frame_0045.png,low,1
13_Use the right hand to pick up red bell pepper from center of tan countertop to brown bottom rack.,/mnt/data/sftp/data/quangpt3/gcvwm/calibration/feepe/feature_matching_eval_hallucination/data/query/low/13_Use the right hand to pick up red bell pepper from center of tan countertop to brown bottom rack./frame_0046.png,low,1
13_Use the right hand to pick up red bell pepper from center of tan countertop to brown bottom rack.,/mnt/data/sftp/data/quangpt3/gcvwm/calibration/feepe/feature_matching_eval_hallucination/data/query/low/13_Use the right hand to pick up red bell pepper from center of tan countertop to brown bottom rack./frame_0048.png,low,1
13_Use the right hand to pick up red bell pepper from center of tan countertop to brown bottom rack.,/mnt/data/sftp/data/quangpt3/gcvwm/calibration/feepe/feature_matching_eval_hallucination/data/query/low/13_Use the right hand to pick up red bell pepper from center of tan countertop to brown bottom rack./frame_0050.png,low,1
13_Use the right hand to pick up red bell pepper from center of tan countertop to brown bottom rack.,/mnt/data/sftp/data/quangpt3/gcvwm/calibration/feepe/feature_matching_eval_hallucination/data/query/low/13_Use the right hand to pick up red bell pepper from center of tan countertop to brown bottom rack./frame_0052.png,low,1
13_Use the right hand to pick up red bell pepper from center of tan countertop to brown bottom rack.,/mnt/data/sftp/data/quangpt3/gcvwm/calibration/feepe/feature_matching_eval_hallucination/data/query/low/13_Use the right hand to pick up red bell pepper from center of tan countertop to brown bottom rack./frame_0054.png,low,1
13_Use the right hand to pick up red bell pepper from center of tan countertop to brown bottom rack.,/mnt/data/sftp/data/quangpt3/gcvwm/calibration/feepe/feature_matching_eval_hallucination/data/query/low/13_Use the right hand to pick up red bell pepper from center of tan countertop to brown bottom rack./frame_0056.png,low,1
13_Use the right hand to pick up red bell pepper from center of tan countertop to brown bottom rack.,/mnt/data/sftp/data/quangpt3/gcvwm/calibration/feepe/feature_matching_eval_hallucination/data/query/low/13_Use the right hand to pick up red bell pepper from center of tan countertop to brown bottom rack./frame_0058.png,low,1
13_Use the right hand to pick up red bell pepper from center of tan countertop to brown bottom rack.,/mnt/data/sftp/data/quangpt3/gcvwm/calibration/feepe/feature_matching_eval_hallucination/data/query/low/13_Use the right hand to pick up red bell pepper from center of tan countertop to brown bottom rack./frame_0060.png,low,1
13_Use the right hand to pick up red bell pepper from center of tan countertop to brown bottom rack.,/mnt/data/sftp/data/quangpt3/gcvwm/calibration/feepe/feature_matching_eval_hallucination/data/query/low/13_Use the right hand to pick up red bell pepper from center of tan countertop to brown bottom rack./frame_0061.png,low,1
13_Use the right hand to pick up red bell pepper from center of tan countertop to brown bottom rack.,/mnt/data/sftp/data/quangpt3/gcvwm/calibration/feepe/feature_matching_eval_hallucination/data/query/low/13_Use the right hand to pick up red bell pepper from center of tan countertop to brown bottom rack./frame_0063.png,low,1
13_Use the right hand to pick up red bell pepper from center of tan countertop to brown bottom rack.,/mnt/data/sftp/data/quangpt3/gcvwm/calibration/feepe/feature_matching_eval_hallucination/data/query/low/13_Use the right hand to pick up red bell pepper from center of tan countertop to brown bottom rack./frame_0065.png,low,1
13_Use the right hand to pick up red bell pepper from center of tan countertop to brown bottom rack.,/mnt/data/sftp/data/quangpt3/gcvwm/calibration/feepe/feature_matching_eval_hallucination/data/query/low/13_Use the right hand to pick up red bell pepper from center of tan countertop to brown bottom rack./frame_0067.png,low,1
13_Use the right hand to pick up red bell pepper from center of tan countertop to brown bottom rack.,/mnt/data/sftp/data/quangpt3/gcvwm/calibration/feepe/feature_matching_eval_hallucination/data/query/low/13_Use the right hand to pick up red bell pepper from center of tan countertop to brown bottom rack./frame_0069.png,low,1
13_Use the right hand to pick up red bell pepper from center of tan countertop to brown bottom rack.,/mnt/data/sftp/data/quangpt3/gcvwm/calibration/feepe/feature_matching_eval_hallucination/data/query/low/13_Use the right hand to pick up red bell pepper from center of tan countertop to brown bottom rack./frame_0071.png,low,1
13_Use the right hand to pick up red bell pepper from center of tan countertop to brown bottom rack.,/mnt/data/sftp/data/quangpt3/gcvwm/calibration/feepe/feature_matching_eval_hallucination/data/query/low/13_Use the right hand to pick up red bell pepper from center of tan countertop to brown bottom rack./frame_0073.png,low,1
13_Use the right hand to pick up red bell pepper from center of tan countertop to brown bottom rack.,/mnt/data/sftp/data/quangpt3/gcvwm/calibration/feepe/feature_matching_eval_hallucination/data/query/low/13_Use the right hand to pick up red bell pepper from center of tan countertop to brown bottom rack./frame_0075.png,low,1
13_Use the right hand to pick up red bell pepper from center of tan countertop to brown bottom rack.,/mnt/data/sftp/data/quangpt3/gcvwm/calibration/feepe/feature_matching_eval_hallucination/data/query/low/13_Use the right hand to pick up red bell pepper from center of tan countertop to brown bottom rack./frame_0076.png,low,1
13_Use the right hand to pick up red bell pepper from center of tan countertop to brown bottom rack.,/mnt/data/sftp/data/quangpt3/gcvwm/calibration/feepe/feature_matching_eval_hallucination/data/query/low/13_Use the right hand to pick up red bell pepper from center of tan countertop to brown bottom rack./frame_0078.png,low,1
13_Use the right hand to pick up red bell pepper from center of tan countertop to brown bottom rack.,/mnt/data/sftp/data/quangpt3/gcvwm/calibration/feepe/feature_matching_eval_hallucination/data/query/low/13_Use the right hand to pick up red bell pepper from center of tan countertop to brown bottom rack./frame_0080.png,low,1
13_Use the right hand to pick up red bell pepper from center of tan countertop to brown bottom rack.,/mnt/data/sftp/data/quangpt3/gcvwm/calibration/feepe/feature_matching_eval_hallucination/data/query/low/13_Use the right hand to pick up red bell pepper from center of tan countertop to brown bottom rack./frame_0082.png,low,1
13_Use the right hand to pick up red bell pepper from center of tan countertop to brown bottom rack.,/mnt/data/sftp/data/quangpt3/gcvwm/calibration/feepe/feature_matching_eval_hallucination/data/query/low/13_Use the right hand to pick up red bell pepper from center of tan countertop to brown bottom rack./frame_0084.png,low,1
13_Use the right hand to pick up red bell pepper from center of tan countertop to brown bottom rack.,/mnt/data/sftp/data/quangpt3/gcvwm/calibration/feepe/feature_matching_eval_hallucination/data/query/low/13_Use the right hand to pick up red bell pepper from center of tan countertop to brown bottom rack./frame_0086.png,low,1
13_Use the right hand to pick up red bell pepper from center of tan countertop to brown bottom rack.,/mnt/data/sftp/data/quangpt3/gcvwm/calibration/feepe/feature_matching_eval_hallucination/data/query/low/13_Use the right hand to pick up red bell pepper from center of tan countertop to brown bottom rack./frame_0088.png,low,1
13_Use the right hand to pick up red bell pepper from center of tan countertop to brown bottom rack.,/mnt/data/sftp/data/quangpt3/gcvwm/calibration/feepe/feature_matching_eval_hallucination/data/query/low/13_Use the right hand to pick up red bell pepper from center of tan countertop to brown bottom rack./frame_0090.png,low,1
13_Use the right hand to pick up red bell pepper from center of tan countertop to brown bottom rack.,/mnt/data/sftp/data/quangpt3/gcvwm/calibration/feepe/feature_matching_eval_hallucination/data/query/low/13_Use the right hand to pick up red bell pepper from center of tan countertop to brown bottom rack./frame_0092.png,low,1
14_Use the right hand to pick up rubik's cube from from the top of the three-tiered wooden shelf to to the bottom of the three-tiered wooden shelf.,/mnt/data/sftp/data/quangpt3/gcvwm/calibration/feepe/feature_matching_eval_hallucination/data/query/low/14_Use the right hand to pick up rubik's cube from from the top of the three-tiered wooden shelf to to the bottom of the three-tiered wooden shelf./frame_0000.png,low,1
14_Use the right hand to pick up rubik's cube from from the top of the three-tiered wooden shelf to to the bottom of the three-tiered wooden shelf.,/mnt/data/sftp/data/quangpt3/gcvwm/calibration/feepe/feature_matching_eval_hallucination/data/query/low/14_Use the right hand to pick up rubik's cube from from the top of the three-tiered wooden shelf to to the bottom of the three-tiered wooden shelf./frame_0001.png,low,1
14_Use the right hand to pick up rubik's cube from from the top of the three-tiered wooden shelf to to the bottom of the three-tiered wooden shelf.,/mnt/data/sftp/data/quangpt3/gcvwm/calibration/feepe/feature_matching_eval_hallucination/data/query/low/14_Use the right hand to pick up rubik's cube from from the top of the three-tiered wooden shelf to to the bottom of the three-tiered wooden shelf./frame_0002.png,low,1
14_Use the right hand to pick up rubik's cube from from the top of the three-tiered wooden shelf to to the bottom of the three-tiered wooden shelf.,/mnt/data/sftp/data/quangpt3/gcvwm/calibration/feepe/feature_matching_eval_hallucination/data/query/low/14_Use the right hand to pick up rubik's cube from from the top of the three-tiered wooden shelf to to the bottom of the three-tiered wooden shelf./frame_0003.png,low,1
14_Use the right hand to pick up rubik's cube from from the top of the three-tiered wooden shelf to to the bottom of the three-tiered wooden shelf.,/mnt/data/sftp/data/quangpt3/gcvwm/calibration/feepe/feature_matching_eval_hallucination/data/query/low/14_Use the right hand to pick up rubik's cube from from the top of the three-tiered wooden shelf to to the bottom of the three-tiered wooden shelf./frame_0004.png,low,1
14_Use the right hand to pick up rubik's cube from from the top of the three-tiered wooden shelf to to the bottom of the three-tiered wooden shelf.,/mnt/data/sftp/data/quangpt3/gcvwm/calibration/feepe/feature_matching_eval_hallucination/data/query/low/14_Use the right hand to pick up rubik's cube from from the top of the three-tiered wooden shelf to to the bottom of the three-tiered wooden shelf./frame_0005.png,low,1
14_Use the right hand to pick up rubik's cube from from the top of the three-tiered wooden shelf to to the bottom of the three-tiered wooden shelf.,/mnt/data/sftp/data/quangpt3/gcvwm/calibration/feepe/feature_matching_eval_hallucination/data/query/low/14_Use the right hand to pick up rubik's cube from from the top of the three-tiered wooden shelf to to the bottom of the three-tiered wooden shelf./frame_0006.png,low,1
14_Use the right hand to pick up rubik's cube from from the top of the three-tiered wooden shelf to to the bottom of the three-tiered wooden shelf.,/mnt/data/sftp/data/quangpt3/gcvwm/calibration/feepe/feature_matching_eval_hallucination/data/query/low/14_Use the right hand to pick up rubik's cube from from the top of the three-tiered wooden shelf to to the bottom of the three-tiered wooden shelf./frame_0007.png,low,1
14_Use the right hand to pick up rubik's cube from from the top of the three-tiered wooden shelf to to the bottom of the three-tiered wooden shelf.,/mnt/data/sftp/data/quangpt3/gcvwm/calibration/feepe/feature_matching_eval_hallucination/data/query/low/14_Use the right hand to pick up rubik's cube from from the top of the three-tiered wooden shelf to to the bottom of the three-tiered wooden shelf./frame_0009.png,low,1
14_Use the right hand to pick up rubik's cube from from the top of the three-tiered wooden shelf to to the bottom of the three-tiered wooden shelf.,/mnt/data/sftp/data/quangpt3/gcvwm/calibration/feepe/feature_matching_eval_hallucination/data/query/low/14_Use the right hand to pick up rubik's cube from from the top of the three-tiered wooden shelf to to the bottom of the three-tiered wooden shelf./frame_0011.png,low,1
14_Use the right hand to pick up rubik's cube from from the top of the three-tiered wooden shelf to to the bottom of the three-tiered wooden shelf.,/mnt/data/sftp/data/quangpt3/gcvwm/calibration/feepe/feature_matching_eval_hallucination/data/query/low/14_Use the right hand to pick up rubik's cube from from the top of the three-tiered wooden shelf to to the bottom of the three-tiered wooden shelf./frame_0013.png,low,1
14_Use the right hand to pick up rubik's cube from from the top of the three-tiered wooden shelf to to the bottom of the three-tiered wooden shelf.,/mnt/data/sftp/data/quangpt3/gcvwm/calibration/feepe/feature_matching_eval_hallucination/data/query/low/14_Use the right hand to pick up rubik's cube from from the top of the three-tiered wooden shelf to to the bottom of the three-tiered wooden shelf./frame_0015.png,low,1
14_Use the right hand to pick up rubik's cube from from the top of the three-tiered wooden shelf to to the bottom of the three-tiered wooden shelf.,/mnt/data/sftp/data/quangpt3/gcvwm/calibration/feepe/feature_matching_eval_hallucination/data/query/low/14_Use the right hand to pick up rubik's cube from from the top of the three-tiered wooden shelf to to the bottom of the three-tiered wooden shelf./frame_0016.png,low,1
14_Use the right hand to pick up rubik's cube from from the top of the three-tiered wooden shelf to to the bottom of the three-tiered wooden shelf.,/mnt/data/sftp/data/quangpt3/gcvwm/calibration/feepe/feature_matching_eval_hallucination/data/query/low/14_Use the right hand to pick up rubik's cube from from the top of the three-tiered wooden shelf to to the bottom of the three-tiered wooden shelf./frame_0018.png,low,1
14_Use the right hand to pick up rubik's cube from from the top of the three-tiered wooden shelf to to the bottom of the three-tiered wooden shelf.,/mnt/data/sftp/data/quangpt3/gcvwm/calibration/feepe/feature_matching_eval_hallucination/data/query/low/14_Use the right hand to pick up rubik's cube from from the top of the three-tiered wooden shelf to to the bottom of the three-tiered wooden shelf./frame_0020.png,low,1
14_Use the right hand to pick up rubik's cube from from the top of the three-tiered wooden shelf to to the bottom of the three-tiered wooden shelf.,/mnt/data/sftp/data/quangpt3/gcvwm/calibration/feepe/feature_matching_eval_hallucination/data/query/low/14_Use the right hand to pick up rubik's cube from from the top of the three-tiered wooden shelf to to the bottom of the three-tiered wooden shelf./frame_0022.png,low,1
14_Use the right hand to pick up rubik's cube from from the top of the three-tiered wooden shelf to to the bottom of the three-tiered wooden shelf.,/mnt/data/sftp/data/quangpt3/gcvwm/calibration/feepe/feature_matching_eval_hallucination/data/query/low/14_Use the right hand to pick up rubik's cube from from the top of the three-tiered wooden shelf to to the bottom of the three-tiered wooden shelf./frame_0024.png,low,1
14_Use the right hand to pick up rubik's cube from from the top of the three-tiered wooden shelf to to the bottom of the three-tiered wooden shelf.,/mnt/data/sftp/data/quangpt3/gcvwm/calibration/feepe/feature_matching_eval_hallucination/data/query/low/14_Use the right hand to pick up rubik's cube from from the top of the three-tiered wooden shelf to to the bottom of the three-tiered wooden shelf./frame_0026.png,low,1
14_Use the right hand to pick up rubik's cube from from the top of the three-tiered wooden shelf to to the bottom of the three-tiered wooden shelf.,/mnt/data/sftp/data/quangpt3/gcvwm/calibration/feepe/feature_matching_eval_hallucination/data/query/low/14_Use the right hand to pick up rubik's cube from from the top of the three-tiered wooden shelf to to the bottom of the three-tiered wooden shelf./frame_0028.png,low,1
14_Use the right hand to pick up rubik's cube from from the top of the three-tiered wooden shelf to to the bottom of the three-tiered wooden shelf.,/mnt/data/sftp/data/quangpt3/gcvwm/calibration/feepe/feature_matching_eval_hallucination/data/query/low/14_Use the right hand to pick up rubik's cube from from the top of the three-tiered wooden shelf to to the bottom of the three-tiered wooden shelf./frame_0030.png,low,1
14_Use the right hand to pick up rubik's cube from from the top of the three-tiered wooden shelf to to the bottom of the three-tiered wooden shelf.,/mnt/data/sftp/data/quangpt3/gcvwm/calibration/feepe/feature_matching_eval_hallucination/data/query/low/14_Use the right hand to pick up rubik's cube from from the top of the three-tiered wooden shelf to to the bottom of the three-tiered wooden shelf./frame_0031.png,low,1
14_Use the right hand to pick up rubik's cube from from the top of the three-tiered wooden shelf to to the bottom of the three-tiered wooden shelf.,/mnt/data/sftp/data/quangpt3/gcvwm/calibration/feepe/feature_matching_eval_hallucination/data/query/low/14_Use the right hand to pick up rubik's cube from from the top of the three-tiered wooden shelf to to the bottom of the three-tiered wooden shelf./frame_0033.png,low,1
14_Use the right hand to pick up rubik's cube from from the top of the three-tiered wooden shelf to to the bottom of the three-tiered wooden shelf.,/mnt/data/sftp/data/quangpt3/gcvwm/calibration/feepe/feature_matching_eval_hallucination/data/query/low/14_Use the right hand to pick up rubik's cube from from the top of the three-tiered wooden shelf to to the bottom of the three-tiered wooden shelf./frame_0035.png,low,1
14_Use the right hand to pick up rubik's cube from from the top of the three-tiered wooden shelf to to the bottom of the three-tiered wooden shelf.,/mnt/data/sftp/data/quangpt3/gcvwm/calibration/feepe/feature_matching_eval_hallucination/data/query/low/14_Use the right hand to pick up rubik's cube from from the top of the three-tiered wooden shelf to to the bottom of the three-tiered wooden shelf./frame_0037.png,low,1
14_Use the right hand to pick up rubik's cube from from the top of the three-tiered wooden shelf to to the bottom of the three-tiered wooden shelf.,/mnt/data/sftp/data/quangpt3/gcvwm/calibration/feepe/feature_matching_eval_hallucination/data/query/low/14_Use the right hand to pick up rubik's cube from from the top of the three-tiered wooden shelf to to the bottom of the three-tiered wooden shelf./frame_0039.png,low,1
14_Use the right hand to pick up rubik's cube from from the top of the three-tiered wooden shelf to to the bottom of the three-tiered wooden shelf.,/mnt/data/sftp/data/quangpt3/gcvwm/calibration/feepe/feature_matching_eval_hallucination/data/query/low/14_Use the right hand to pick up rubik's cube from from the top of the three-tiered wooden shelf to to the bottom of the three-tiered wooden shelf./frame_0041.png,low,1
14_Use the right hand to pick up rubik's cube from from the top of the three-tiered wooden shelf to to the bottom of the three-tiered wooden shelf.,/mnt/data/sftp/data/quangpt3/gcvwm/calibration/feepe/feature_matching_eval_hallucination/data/query/low/14_Use the right hand to pick up rubik's cube from from the top of the three-tiered wooden shelf to to the bottom of the three-tiered wooden shelf./frame_0043.png,low,1
14_Use the right hand to pick up rubik's cube from from the top of the three-tiered wooden shelf to to the bottom of the three-tiered wooden shelf.,/mnt/data/sftp/data/quangpt3/gcvwm/calibration/feepe/feature_matching_eval_hallucination/data/query/low/14_Use the right hand to pick up rubik's cube from from the top of the three-tiered wooden shelf to to the bottom of the three-tiered wooden shelf./frame_0045.png,low,1
14_Use the right hand to pick up rubik's cube from from the top of the three-tiered wooden shelf to to the bottom of the three-tiered wooden shelf.,/mnt/data/sftp/data/quangpt3/gcvwm/calibration/feepe/feature_matching_eval_hallucination/data/query/low/14_Use the right hand to pick up rubik's cube from from the top of the three-tiered wooden shelf to to the bottom of the three-tiered wooden shelf./frame_0046.png,low,1
14_Use the right hand to pick up rubik's cube from from the top of the three-tiered wooden shelf to to the bottom of the three-tiered wooden shelf.,/mnt/data/sftp/data/quangpt3/gcvwm/calibration/feepe/feature_matching_eval_hallucination/data/query/low/14_Use the right hand to pick up rubik's cube from from the top of the three-tiered wooden shelf to to the bottom of the three-tiered wooden shelf./frame_0048.png,low,1
14_Use the right hand to pick up rubik's cube from from the top of the three-tiered wooden shelf to to the bottom of the three-tiered wooden shelf.,/mnt/data/sftp/data/quangpt3/gcvwm/calibration/feepe/feature_matching_eval_hallucination/data/query/low/14_Use the right hand to pick up rubik's cube from from the top of the three-tiered wooden shelf to to the bottom of the three-tiered wooden shelf./frame_0050.png,low,1
14_Use the right hand to pick up rubik's cube from from the top of the three-tiered wooden shelf to to the bottom of the three-tiered wooden shelf.,/mnt/data/sftp/data/quangpt3/gcvwm/calibration/feepe/feature_matching_eval_hallucination/data/query/low/14_Use the right hand to pick up rubik's cube from from the top of the three-tiered wooden shelf to to the bottom of the three-tiered wooden shelf./frame_0052.png,low,1
14_Use the right hand to pick up rubik's cube from from the top of the three-tiered wooden shelf to to the bottom of the three-tiered wooden shelf.,/mnt/data/sftp/data/quangpt3/gcvwm/calibration/feepe/feature_matching_eval_hallucination/data/query/low/14_Use the right hand to pick up rubik's cube from from the top of the three-tiered wooden shelf to to the bottom of the three-tiered wooden shelf./frame_0054.png,low,1
14_Use the right hand to pick up rubik's cube from from the top of the three-tiered wooden shelf to to the bottom of the three-tiered wooden shelf.,/mnt/data/sftp/data/quangpt3/gcvwm/calibration/feepe/feature_matching_eval_hallucination/data/query/low/14_Use the right hand to pick up rubik's cube from from the top of the three-tiered wooden shelf to to the bottom of the three-tiered wooden shelf./frame_0056.png,low,1
14_Use the right hand to pick up rubik's cube from from the top of the three-tiered wooden shelf to to the bottom of the three-tiered wooden shelf.,/mnt/data/sftp/data/quangpt3/gcvwm/calibration/feepe/feature_matching_eval_hallucination/data/query/low/14_Use the right hand to pick up rubik's cube from from the top of the three-tiered wooden shelf to to the bottom of the three-tiered wooden shelf./frame_0058.png,low,1
14_Use the right hand to pick up rubik's cube from from the top of the three-tiered wooden shelf to to the bottom of the three-tiered wooden shelf.,/mnt/data/sftp/data/quangpt3/gcvwm/calibration/feepe/feature_matching_eval_hallucination/data/query/low/14_Use the right hand to pick up rubik's cube from from the top of the three-tiered wooden shelf to to the bottom of the three-tiered wooden shelf./frame_0060.png,low,1
14_Use the right hand to pick up rubik's cube from from the top of the three-tiered wooden shelf to to the bottom of the three-tiered wooden shelf.,/mnt/data/sftp/data/quangpt3/gcvwm/calibration/feepe/feature_matching_eval_hallucination/data/query/low/14_Use the right hand to pick up rubik's cube from from the top of the three-tiered wooden shelf to to the bottom of the three-tiered wooden shelf./frame_0061.png,low,1
14_Use the right hand to pick up rubik's cube from from the top of the three-tiered wooden shelf to to the bottom of the three-tiered wooden shelf.,/mnt/data/sftp/data/quangpt3/gcvwm/calibration/feepe/feature_matching_eval_hallucination/data/query/low/14_Use the right hand to pick up rubik's cube from from the top of the three-tiered wooden shelf to to the bottom of the three-tiered wooden shelf./frame_0063.png,low,1
14_Use the right hand to pick up rubik's cube from from the top of the three-tiered wooden shelf to to the bottom of the three-tiered wooden shelf.,/mnt/data/sftp/data/quangpt3/gcvwm/calibration/feepe/feature_matching_eval_hallucination/data/query/low/14_Use the right hand to pick up rubik's cube from from the top of the three-tiered wooden shelf to to the bottom of the three-tiered wooden shelf./frame_0065.png,low,1
14_Use the right hand to pick up rubik's cube from from the top of the three-tiered wooden shelf to to the bottom of the three-tiered wooden shelf.,/mnt/data/sftp/data/quangpt3/gcvwm/calibration/feepe/feature_matching_eval_hallucination/data/query/low/14_Use the right hand to pick up rubik's cube from from the top of the three-tiered wooden shelf to to the bottom of the three-tiered wooden shelf./frame_0067.png,low,1
14_Use the right hand to pick up rubik's cube from from the top of the three-tiered wooden shelf to to the bottom of the three-tiered wooden shelf.,/mnt/data/sftp/data/quangpt3/gcvwm/calibration/feepe/feature_matching_eval_hallucination/data/query/low/14_Use the right hand to pick up rubik's cube from from the top of the three-tiered wooden shelf to to the bottom of the three-tiered wooden shelf./frame_0069.png,low,1
14_Use the right hand to pick up rubik's cube from from the top of the three-tiered wooden shelf to to the bottom of the three-tiered wooden shelf.,/mnt/data/sftp/data/quangpt3/gcvwm/calibration/feepe/feature_matching_eval_hallucination/data/query/low/14_Use the right hand to pick up rubik's cube from from the top of the three-tiered wooden shelf to to the bottom of the three-tiered wooden shelf./frame_0071.png,low,1
14_Use the right hand to pick up rubik's cube from from the top of the three-tiered wooden shelf to to the bottom of the three-tiered wooden shelf.,/mnt/data/sftp/data/quangpt3/gcvwm/calibration/feepe/feature_matching_eval_hallucination/data/query/low/14_Use the right hand to pick up rubik's cube from from the top of the three-tiered wooden shelf to to the bottom of the three-tiered wooden shelf./frame_0073.png,low,1
14_Use the right hand to pick up rubik's cube from from the top of the three-tiered wooden shelf to to the bottom of the three-tiered wooden shelf.,/mnt/data/sftp/data/quangpt3/gcvwm/calibration/feepe/feature_matching_eval_hallucination/data/query/low/14_Use the right hand to pick up rubik's cube from from the top of the three-tiered wooden shelf to to the bottom of the three-tiered wooden shelf./frame_0075.png,low,1
14_Use the right hand to pick up rubik's cube from from the top of the three-tiered wooden shelf to to the bottom of the three-tiered wooden shelf.,/mnt/data/sftp/data/quangpt3/gcvwm/calibration/feepe/feature_matching_eval_hallucination/data/query/low/14_Use the right hand to pick up rubik's cube from from the top of the three-tiered wooden shelf to to the bottom of the three-tiered wooden shelf./frame_0076.png,low,1
14_Use the right hand to pick up rubik's cube from from the top of the three-tiered wooden shelf to to the bottom of the three-tiered wooden shelf.,/mnt/data/sftp/data/quangpt3/gcvwm/calibration/feepe/feature_matching_eval_hallucination/data/query/low/14_Use the right hand to pick up rubik's cube from from the top of the three-tiered wooden shelf to to the bottom of the three-tiered wooden shelf./frame_0078.png,low,1
14_Use the right hand to pick up rubik's cube from from the top of the three-tiered wooden shelf to to the bottom of the three-tiered wooden shelf.,/mnt/data/sftp/data/quangpt3/gcvwm/calibration/feepe/feature_matching_eval_hallucination/data/query/low/14_Use the right hand to pick up rubik's cube from from the top of the three-tiered wooden shelf to to the bottom of the three-tiered wooden shelf./frame_0080.png,low,1
14_Use the right hand to pick up rubik's cube from from the top of the three-tiered wooden shelf to to the bottom of the three-tiered wooden shelf.,/mnt/data/sftp/data/quangpt3/gcvwm/calibration/feepe/feature_matching_eval_hallucination/data/query/low/14_Use the right hand to pick up rubik's cube from from the top of the three-tiered wooden shelf to to the bottom of the three-tiered wooden shelf./frame_0082.png,low,1
14_Use the right hand to pick up rubik's cube from from the top of the three-tiered wooden shelf to to the bottom of the three-tiered wooden shelf.,/mnt/data/sftp/data/quangpt3/gcvwm/calibration/feepe/feature_matching_eval_hallucination/data/query/low/14_Use the right hand to pick up rubik's cube from from the top of the three-tiered wooden shelf to to the bottom of the three-tiered wooden shelf./frame_0084.png,low,1
14_Use the right hand to pick up rubik's cube from from the top of the three-tiered wooden shelf to to the bottom of the three-tiered wooden shelf.,/mnt/data/sftp/data/quangpt3/gcvwm/calibration/feepe/feature_matching_eval_hallucination/data/query/low/14_Use the right hand to pick up rubik's cube from from the top of the three-tiered wooden shelf to to the bottom of the three-tiered wooden shelf./frame_0086.png,low,1
14_Use the right hand to pick up rubik's cube from from the top of the three-tiered wooden shelf to to the bottom of the three-tiered wooden shelf.,/mnt/data/sftp/data/quangpt3/gcvwm/calibration/feepe/feature_matching_eval_hallucination/data/query/low/14_Use the right hand to pick up rubik's cube from from the top of the three-tiered wooden shelf to to the bottom of the three-tiered wooden shelf./frame_0088.png,low,1
14_Use the right hand to pick up rubik's cube from from the top of the three-tiered wooden shelf to to the bottom of the three-tiered wooden shelf.,/mnt/data/sftp/data/quangpt3/gcvwm/calibration/feepe/feature_matching_eval_hallucination/data/query/low/14_Use the right hand to pick up rubik's cube from from the top of the three-tiered wooden shelf to to the bottom of the three-tiered wooden shelf./frame_0090.png,low,1
14_Use the right hand to pick up rubik's cube from from the top of the three-tiered wooden shelf to to the bottom of the three-tiered wooden shelf.,/mnt/data/sftp/data/quangpt3/gcvwm/calibration/feepe/feature_matching_eval_hallucination/data/query/low/14_Use the right hand to pick up rubik's cube from from the top of the three-tiered wooden shelf to to the bottom of the three-tiered wooden shelf./frame_0092.png,low,1
15_Use the left hand to pick up red glass from light red plate to turquoise plate.,/mnt/data/sftp/data/quangpt3/gcvwm/calibration/feepe/feature_matching_eval_hallucination/data/query/low/15_Use the left hand to pick up red glass from light red plate to turquoise plate./frame_0000.png,low,1
15_Use the left hand to pick up red glass from light red plate to turquoise plate.,/mnt/data/sftp/data/quangpt3/gcvwm/calibration/feepe/feature_matching_eval_hallucination/data/query/low/15_Use the left hand to pick up red glass from light red plate to turquoise plate./frame_0001.png,low,1
15_Use the left hand to pick up red glass from light red plate to turquoise plate.,/mnt/data/sftp/data/quangpt3/gcvwm/calibration/feepe/feature_matching_eval_hallucination/data/query/low/15_Use the left hand to pick up red glass from light red plate to turquoise plate./frame_0002.png,low,1
15_Use the left hand to pick up red glass from light red plate to turquoise plate.,/mnt/data/sftp/data/quangpt3/gcvwm/calibration/feepe/feature_matching_eval_hallucination/data/query/low/15_Use the left hand to pick up red glass from light red plate to turquoise plate./frame_0003.png,low,1
15_Use the left hand to pick up red glass from light red plate to turquoise plate.,/mnt/data/sftp/data/quangpt3/gcvwm/calibration/feepe/feature_matching_eval_hallucination/data/query/low/15_Use the left hand to pick up red glass from light red plate to turquoise plate./frame_0004.png,low,1
15_Use the left hand to pick up red glass from light red plate to turquoise plate.,/mnt/data/sftp/data/quangpt3/gcvwm/calibration/feepe/feature_matching_eval_hallucination/data/query/low/15_Use the left hand to pick up red glass from light red plate to turquoise plate./frame_0005.png,low,1
15_Use the left hand to pick up red glass from light red plate to turquoise plate.,/mnt/data/sftp/data/quangpt3/gcvwm/calibration/feepe/feature_matching_eval_hallucination/data/query/low/15_Use the left hand to pick up red glass from light red plate to turquoise plate./frame_0006.png,low,1
15_Use the left hand to pick up red glass from light red plate to turquoise plate.,/mnt/data/sftp/data/quangpt3/gcvwm/calibration/feepe/feature_matching_eval_hallucination/data/query/low/15_Use the left hand to pick up red glass from light red plate to turquoise plate./frame_0007.png,low,1
15_Use the left hand to pick up red glass from light red plate to turquoise plate.,/mnt/data/sftp/data/quangpt3/gcvwm/calibration/feepe/feature_matching_eval_hallucination/data/query/low/15_Use the left hand to pick up red glass from light red plate to turquoise plate./frame_0009.png,low,1
15_Use the left hand to pick up red glass from light red plate to turquoise plate.,/mnt/data/sftp/data/quangpt3/gcvwm/calibration/feepe/feature_matching_eval_hallucination/data/query/low/15_Use the left hand to pick up red glass from light red plate to turquoise plate./frame_0011.png,low,1
15_Use the left hand to pick up red glass from light red plate to turquoise plate.,/mnt/data/sftp/data/quangpt3/gcvwm/calibration/feepe/feature_matching_eval_hallucination/data/query/low/15_Use the left hand to pick up red glass from light red plate to turquoise plate./frame_0013.png,low,1
15_Use the left hand to pick up red glass from light red plate to turquoise plate.,/mnt/data/sftp/data/quangpt3/gcvwm/calibration/feepe/feature_matching_eval_hallucination/data/query/low/15_Use the left hand to pick up red glass from light red plate to turquoise plate./frame_0015.png,low,1
15_Use the left hand to pick up red glass from light red plate to turquoise plate.,/mnt/data/sftp/data/quangpt3/gcvwm/calibration/feepe/feature_matching_eval_hallucination/data/query/low/15_Use the left hand to pick up red glass from light red plate to turquoise plate./frame_0016.png,low,1
15_Use the left hand to pick up red glass from light red plate to turquoise plate.,/mnt/data/sftp/data/quangpt3/gcvwm/calibration/feepe/feature_matching_eval_hallucination/data/query/low/15_Use the left hand to pick up red glass from light red plate to turquoise plate./frame_0018.png,low,1
15_Use the left hand to pick up red glass from light red plate to turquoise plate.,/mnt/data/sftp/data/quangpt3/gcvwm/calibration/feepe/feature_matching_eval_hallucination/data/query/low/15_Use the left hand to pick up red glass from light red plate to turquoise plate./frame_0020.png,low,1
15_Use the left hand to pick up red glass from light red plate to turquoise plate.,/mnt/data/sftp/data/quangpt3/gcvwm/calibration/feepe/feature_matching_eval_hallucination/data/query/low/15_Use the left hand to pick up red glass from light red plate to turquoise plate./frame_0022.png,low,1
15_Use the left hand to pick up red glass from light red plate to turquoise plate.,/mnt/data/sftp/data/quangpt3/gcvwm/calibration/feepe/feature_matching_eval_hallucination/data/query/low/15_Use the left hand to pick up red glass from light red plate to turquoise plate./frame_0024.png,low,1
15_Use the left hand to pick up red glass from light red plate to turquoise plate.,/mnt/data/sftp/data/quangpt3/gcvwm/calibration/feepe/feature_matching_eval_hallucination/data/query/low/15_Use the left hand to pick up red glass from light red plate to turquoise plate./frame_0026.png,low,1
15_Use the left hand to pick up red glass from light red plate to turquoise plate.,/mnt/data/sftp/data/quangpt3/gcvwm/calibration/feepe/feature_matching_eval_hallucination/data/query/low/15_Use the left hand to pick up red glass from light red plate to turquoise plate./frame_0028.png,low,1
15_Use the left hand to pick up red glass from light red plate to turquoise plate.,/mnt/data/sftp/data/quangpt3/gcvwm/calibration/feepe/feature_matching_eval_hallucination/data/query/low/15_Use the left hand to pick up red glass from light red plate to turquoise plate./frame_0030.png,low,1
15_Use the left hand to pick up red glass from light red plate to turquoise plate.,/mnt/data/sftp/data/quangpt3/gcvwm/calibration/feepe/feature_matching_eval_hallucination/data/query/low/15_Use the left hand to pick up red glass from light red plate to turquoise plate./frame_0031.png,low,1
15_Use the left hand to pick up red glass from light red plate to turquoise plate.,/mnt/data/sftp/data/quangpt3/gcvwm/calibration/feepe/feature_matching_eval_hallucination/data/query/low/15_Use the left hand to pick up red glass from light red plate to turquoise plate./frame_0033.png,low,1
15_Use the left hand to pick up red glass from light red plate to turquoise plate.,/mnt/data/sftp/data/quangpt3/gcvwm/calibration/feepe/feature_matching_eval_hallucination/data/query/low/15_Use the left hand to pick up red glass from light red plate to turquoise plate./frame_0035.png,low,1
15_Use the left hand to pick up red glass from light red plate to turquoise plate.,/mnt/data/sftp/data/quangpt3/gcvwm/calibration/feepe/feature_matching_eval_hallucination/data/query/low/15_Use the left hand to pick up red glass from light red plate to turquoise plate./frame_0037.png,low,1
15_Use the left hand to pick up red glass from light red plate to turquoise plate.,/mnt/data/sftp/data/quangpt3/gcvwm/calibration/feepe/feature_matching_eval_hallucination/data/query/low/15_Use the left hand to pick up red glass from light red plate to turquoise plate./frame_0039.png,low,1
15_Use the left hand to pick up red glass from light red plate to turquoise plate.,/mnt/data/sftp/data/quangpt3/gcvwm/calibration/feepe/feature_matching_eval_hallucination/data/query/low/15_Use the left hand to pick up red glass from light red plate to turquoise plate./frame_0041.png,low,1
15_Use the left hand to pick up red glass from light red plate to turquoise plate.,/mnt/data/sftp/data/quangpt3/gcvwm/calibration/feepe/feature_matching_eval_hallucination/data/query/low/15_Use the left hand to pick up red glass from light red plate to turquoise plate./frame_0043.png,low,1
15_Use the left hand to pick up red glass from light red plate to turquoise plate.,/mnt/data/sftp/data/quangpt3/gcvwm/calibration/feepe/feature_matching_eval_hallucination/data/query/low/15_Use the left hand to pick up red glass from light red plate to turquoise plate./frame_0045.png,low,1
15_Use the left hand to pick up red glass from light red plate to turquoise plate.,/mnt/data/sftp/data/quangpt3/gcvwm/calibration/feepe/feature_matching_eval_hallucination/data/query/low/15_Use the left hand to pick up red glass from light red plate to turquoise plate./frame_0046.png,low,1
15_Use the left hand to pick up red glass from light red plate to turquoise plate.,/mnt/data/sftp/data/quangpt3/gcvwm/calibration/feepe/feature_matching_eval_hallucination/data/query/low/15_Use the left hand to pick up red glass from light red plate to turquoise plate./frame_0048.png,low,1
15_Use the left hand to pick up red glass from light red plate to turquoise plate.,/mnt/data/sftp/data/quangpt3/gcvwm/calibration/feepe/feature_matching_eval_hallucination/data/query/low/15_Use the left hand to pick up red glass from light red plate to turquoise plate./frame_0050.png,low,1
15_Use the left hand to pick up red glass from light red plate to turquoise plate.,/mnt/data/sftp/data/quangpt3/gcvwm/calibration/feepe/feature_matching_eval_hallucination/data/query/low/15_Use the left hand to pick up red glass from light red plate to turquoise plate./frame_0052.png,low,1
15_Use the left hand to pick up red glass from light red plate to turquoise plate.,/mnt/data/sftp/data/quangpt3/gcvwm/calibration/feepe/feature_matching_eval_hallucination/data/query/low/15_Use the left hand to pick up red glass from light red plate to turquoise plate./frame_0054.png,low,1
15_Use the left hand to pick up red glass from light red plate to turquoise plate.,/mnt/data/sftp/data/quangpt3/gcvwm/calibration/feepe/feature_matching_eval_hallucination/data/query/low/15_Use the left hand to pick up red glass from light red plate to turquoise plate./frame_0056.png,low,1
15_Use the left hand to pick up red glass from light red plate to turquoise plate.,/mnt/data/sftp/data/quangpt3/gcvwm/calibration/feepe/feature_matching_eval_hallucination/data/query/low/15_Use the left hand to pick up red glass from light red plate to turquoise plate./frame_0058.png,low,1
15_Use the left hand to pick up red glass from light red plate to turquoise plate.,/mnt/data/sftp/data/quangpt3/gcvwm/calibration/feepe/feature_matching_eval_hallucination/data/query/low/15_Use the left hand to pick up red glass from light red plate to turquoise plate./frame_0060.png,low,1
15_Use the left hand to pick up red glass from light red plate to turquoise plate.,/mnt/data/sftp/data/quangpt3/gcvwm/calibration/feepe/feature_matching_eval_hallucination/data/query/low/15_Use the left hand to pick up red glass from light red plate to turquoise plate./frame_0061.png,low,1
15_Use the left hand to pick up red glass from light red plate to turquoise plate.,/mnt/data/sftp/data/quangpt3/gcvwm/calibration/feepe/feature_matching_eval_hallucination/data/query/low/15_Use the left hand to pick up red glass from light red plate to turquoise plate./frame_0063.png,low,1
15_Use the left hand to pick up red glass from light red plate to turquoise plate.,/mnt/data/sftp/data/quangpt3/gcvwm/calibration/feepe/feature_matching_eval_hallucination/data/query/low/15_Use the left hand to pick up red glass from light red plate to turquoise plate./frame_0065.png,low,1
15_Use the left hand to pick up red glass from light red plate to turquoise plate.,/mnt/data/sftp/data/quangpt3/gcvwm/calibration/feepe/feature_matching_eval_hallucination/data/query/low/15_Use the left hand to pick up red glass from light red plate to turquoise plate./frame_0067.png,low,1
15_Use the left hand to pick up red glass from light red plate to turquoise plate.,/mnt/data/sftp/data/quangpt3/gcvwm/calibration/feepe/feature_matching_eval_hallucination/data/query/low/15_Use the left hand to pick up red glass from light red plate to turquoise plate./frame_0069.png,low,1
15_Use the left hand to pick up red glass from light red plate to turquoise plate.,/mnt/data/sftp/data/quangpt3/gcvwm/calibration/feepe/feature_matching_eval_hallucination/data/query/low/15_Use the left hand to pick up red glass from light red plate to turquoise plate./frame_0071.png,low,1
15_Use the left hand to pick up red glass from light red plate to turquoise plate.,/mnt/data/sftp/data/quangpt3/gcvwm/calibration/feepe/feature_matching_eval_hallucination/data/query/low/15_Use the left hand to pick up red glass from light red plate to turquoise plate./frame_0073.png,low,1
15_Use the left hand to pick up red glass from light red plate to turquoise plate.,/mnt/data/sftp/data/quangpt3/gcvwm/calibration/feepe/feature_matching_eval_hallucination/data/query/low/15_Use the left hand to pick up red glass from light red plate to turquoise plate./frame_0075.png,low,1
15_Use the left hand to pick up red glass from light red plate to turquoise plate.,/mnt/data/sftp/data/quangpt3/gcvwm/calibration/feepe/feature_matching_eval_hallucination/data/query/low/15_Use the left hand to pick up red glass from light red plate to turquoise plate./frame_0076.png,low,1
15_Use the left hand to pick up red glass from light red plate to turquoise plate.,/mnt/data/sftp/data/quangpt3/gcvwm/calibration/feepe/feature_matching_eval_hallucination/data/query/low/15_Use the left hand to pick up red glass from light red plate to turquoise plate./frame_0078.png,low,1
15_Use the left hand to pick up red glass from light red plate to turquoise plate.,/mnt/data/sftp/data/quangpt3/gcvwm/calibration/feepe/feature_matching_eval_hallucination/data/query/low/15_Use the left hand to pick up red glass from light red plate to turquoise plate./frame_0080.png,low,1
15_Use the left hand to pick up red glass from light red plate to turquoise plate.,/mnt/data/sftp/data/quangpt3/gcvwm/calibration/feepe/feature_matching_eval_hallucination/data/query/low/15_Use the left hand to pick up red glass from light red plate to turquoise plate./frame_0082.png,low,1
15_Use the left hand to pick up red glass from light red plate to turquoise plate.,/mnt/data/sftp/data/quangpt3/gcvwm/calibration/feepe/feature_matching_eval_hallucination/data/query/low/15_Use the left hand to pick up red glass from light red plate to turquoise plate./frame_0084.png,low,1
15_Use the left hand to pick up red glass from light red plate to turquoise plate.,/mnt/data/sftp/data/quangpt3/gcvwm/calibration/feepe/feature_matching_eval_hallucination/data/query/low/15_Use the left hand to pick up red glass from light red plate to turquoise plate./frame_0086.png,low,1
15_Use the left hand to pick up red glass from light red plate to turquoise plate.,/mnt/data/sftp/data/quangpt3/gcvwm/calibration/feepe/feature_matching_eval_hallucination/data/query/low/15_Use the left hand to pick up red glass from light red plate to turquoise plate./frame_0088.png,low,1
15_Use the left hand to pick up red glass from light red plate to turquoise plate.,/mnt/data/sftp/data/quangpt3/gcvwm/calibration/feepe/feature_matching_eval_hallucination/data/query/low/15_Use the left hand to pick up red glass from light red plate to turquoise plate./frame_0090.png,low,1
15_Use the left hand to pick up red glass from light red plate to turquoise plate.,/mnt/data/sftp/data/quangpt3/gcvwm/calibration/feepe/feature_matching_eval_hallucination/data/query/low/15_Use the left hand to pick up red glass from light red plate to turquoise plate./frame_0092.png,low,1
16_Use the right hand to pick up milk carton from center of pink plate to pale turquoise plate.,/mnt/data/sftp/data/quangpt3/gcvwm/calibration/feepe/feature_matching_eval_hallucination/data/query/low/16_Use the right hand to pick up milk carton from center of pink plate to pale turquoise plate./frame_0000.png,low,1
16_Use the right hand to pick up milk carton from center of pink plate to pale turquoise plate.,/mnt/data/sftp/data/quangpt3/gcvwm/calibration/feepe/feature_matching_eval_hallucination/data/query/low/16_Use the right hand to pick up milk carton from center of pink plate to pale turquoise plate./frame_0001.png,low,1
16_Use the right hand to pick up milk carton from center of pink plate to pale turquoise plate.,/mnt/data/sftp/data/quangpt3/gcvwm/calibration/feepe/feature_matching_eval_hallucination/data/query/low/16_Use the right hand to pick up milk carton from center of pink plate to pale turquoise plate./frame_0002.png,low,1
16_Use the right hand to pick up milk carton from center of pink plate to pale turquoise plate.,/mnt/data/sftp/data/quangpt3/gcvwm/calibration/feepe/feature_matching_eval_hallucination/data/query/low/16_Use the right hand to pick up milk carton from center of pink plate to pale turquoise plate./frame_0003.png,low,1
16_Use the right hand to pick up milk carton from center of pink plate to pale turquoise plate.,/mnt/data/sftp/data/quangpt3/gcvwm/calibration/feepe/feature_matching_eval_hallucination/data/query/low/16_Use the right hand to pick up milk carton from center of pink plate to pale turquoise plate./frame_0004.png,low,1
16_Use the right hand to pick up milk carton from center of pink plate to pale turquoise plate.,/mnt/data/sftp/data/quangpt3/gcvwm/calibration/feepe/feature_matching_eval_hallucination/data/query/low/16_Use the right hand to pick up milk carton from center of pink plate to pale turquoise plate./frame_0005.png,low,1
16_Use the right hand to pick up milk carton from center of pink plate to pale turquoise plate.,/mnt/data/sftp/data/quangpt3/gcvwm/calibration/feepe/feature_matching_eval_hallucination/data/query/low/16_Use the right hand to pick up milk carton from center of pink plate to pale turquoise plate./frame_0006.png,low,1
16_Use the right hand to pick up milk carton from center of pink plate to pale turquoise plate.,/mnt/data/sftp/data/quangpt3/gcvwm/calibration/feepe/feature_matching_eval_hallucination/data/query/low/16_Use the right hand to pick up milk carton from center of pink plate to pale turquoise plate./frame_0007.png,low,1
16_Use the right hand to pick up milk carton from center of pink plate to pale turquoise plate.,/mnt/data/sftp/data/quangpt3/gcvwm/calibration/feepe/feature_matching_eval_hallucination/data/query/low/16_Use the right hand to pick up milk carton from center of pink plate to pale turquoise plate./frame_0009.png,low,1
16_Use the right hand to pick up milk carton from center of pink plate to pale turquoise plate.,/mnt/data/sftp/data/quangpt3/gcvwm/calibration/feepe/feature_matching_eval_hallucination/data/query/low/16_Use the right hand to pick up milk carton from center of pink plate to pale turquoise plate./frame_0011.png,low,1
16_Use the right hand to pick up milk carton from center of pink plate to pale turquoise plate.,/mnt/data/sftp/data/quangpt3/gcvwm/calibration/feepe/feature_matching_eval_hallucination/data/query/low/16_Use the right hand to pick up milk carton from center of pink plate to pale turquoise plate./frame_0013.png,low,1
16_Use the right hand to pick up milk carton from center of pink plate to pale turquoise plate.,/mnt/data/sftp/data/quangpt3/gcvwm/calibration/feepe/feature_matching_eval_hallucination/data/query/low/16_Use the right hand to pick up milk carton from center of pink plate to pale turquoise plate./frame_0015.png,low,1
16_Use the right hand to pick up milk carton from center of pink plate to pale turquoise plate.,/mnt/data/sftp/data/quangpt3/gcvwm/calibration/feepe/feature_matching_eval_hallucination/data/query/low/16_Use the right hand to pick up milk carton from center of pink plate to pale turquoise plate./frame_0016.png,low,1
16_Use the right hand to pick up milk carton from center of pink plate to pale turquoise plate.,/mnt/data/sftp/data/quangpt3/gcvwm/calibration/feepe/feature_matching_eval_hallucination/data/query/low/16_Use the right hand to pick up milk carton from center of pink plate to pale turquoise plate./frame_0018.png,low,1
16_Use the right hand to pick up milk carton from center of pink plate to pale turquoise plate.,/mnt/data/sftp/data/quangpt3/gcvwm/calibration/feepe/feature_matching_eval_hallucination/data/query/low/16_Use the right hand to pick up milk carton from center of pink plate to pale turquoise plate./frame_0020.png,low,1
16_Use the right hand to pick up milk carton from center of pink plate to pale turquoise plate.,/mnt/data/sftp/data/quangpt3/gcvwm/calibration/feepe/feature_matching_eval_hallucination/data/query/low/16_Use the right hand to pick up milk carton from center of pink plate to pale turquoise plate./frame_0022.png,low,1
16_Use the right hand to pick up milk carton from center of pink plate to pale turquoise plate.,/mnt/data/sftp/data/quangpt3/gcvwm/calibration/feepe/feature_matching_eval_hallucination/data/query/low/16_Use the right hand to pick up milk carton from center of pink plate to pale turquoise plate./frame_0024.png,low,1
16_Use the right hand to pick up milk carton from center of pink plate to pale turquoise plate.,/mnt/data/sftp/data/quangpt3/gcvwm/calibration/feepe/feature_matching_eval_hallucination/data/query/low/16_Use the right hand to pick up milk carton from center of pink plate to pale turquoise plate./frame_0026.png,low,1
16_Use the right hand to pick up milk carton from center of pink plate to pale turquoise plate.,/mnt/data/sftp/data/quangpt3/gcvwm/calibration/feepe/feature_matching_eval_hallucination/data/query/low/16_Use the right hand to pick up milk carton from center of pink plate to pale turquoise plate./frame_0028.png,low,1
16_Use the right hand to pick up milk carton from center of pink plate to pale turquoise plate.,/mnt/data/sftp/data/quangpt3/gcvwm/calibration/feepe/feature_matching_eval_hallucination/data/query/low/16_Use the right hand to pick up milk carton from center of pink plate to pale turquoise plate./frame_0030.png,low,1
16_Use the right hand to pick up milk carton from center of pink plate to pale turquoise plate.,/mnt/data/sftp/data/quangpt3/gcvwm/calibration/feepe/feature_matching_eval_hallucination/data/query/low/16_Use the right hand to pick up milk carton from center of pink plate to pale turquoise plate./frame_0031.png,low,1
16_Use the right hand to pick up milk carton from center of pink plate to pale turquoise plate.,/mnt/data/sftp/data/quangpt3/gcvwm/calibration/feepe/feature_matching_eval_hallucination/data/query/low/16_Use the right hand to pick up milk carton from center of pink plate to pale turquoise plate./frame_0033.png,low,1
16_Use the right hand to pick up milk carton from center of pink plate to pale turquoise plate.,/mnt/data/sftp/data/quangpt3/gcvwm/calibration/feepe/feature_matching_eval_hallucination/data/query/low/16_Use the right hand to pick up milk carton from center of pink plate to pale turquoise plate./frame_0035.png,low,1
16_Use the right hand to pick up milk carton from center of pink plate to pale turquoise plate.,/mnt/data/sftp/data/quangpt3/gcvwm/calibration/feepe/feature_matching_eval_hallucination/data/query/low/16_Use the right hand to pick up milk carton from center of pink plate to pale turquoise plate./frame_0037.png,low,1
16_Use the right hand to pick up milk carton from center of pink plate to pale turquoise plate.,/mnt/data/sftp/data/quangpt3/gcvwm/calibration/feepe/feature_matching_eval_hallucination/data/query/low/16_Use the right hand to pick up milk carton from center of pink plate to pale turquoise plate./frame_0039.png,low,1
16_Use the right hand to pick up milk carton from center of pink plate to pale turquoise plate.,/mnt/data/sftp/data/quangpt3/gcvwm/calibration/feepe/feature_matching_eval_hallucination/data/query/low/16_Use the right hand to pick up milk carton from center of pink plate to pale turquoise plate./frame_0041.png,low,1
16_Use the right hand to pick up milk carton from center of pink plate to pale turquoise plate.,/mnt/data/sftp/data/quangpt3/gcvwm/calibration/feepe/feature_matching_eval_hallucination/data/query/low/16_Use the right hand to pick up milk carton from center of pink plate to pale turquoise plate./frame_0043.png,low,1
16_Use the right hand to pick up milk carton from center of pink plate to pale turquoise plate.,/mnt/data/sftp/data/quangpt3/gcvwm/calibration/feepe/feature_matching_eval_hallucination/data/query/low/16_Use the right hand to pick up milk carton from center of pink plate to pale turquoise plate./frame_0045.png,low,1
16_Use the right hand to pick up milk carton from center of pink plate to pale turquoise plate.,/mnt/data/sftp/data/quangpt3/gcvwm/calibration/feepe/feature_matching_eval_hallucination/data/query/low/16_Use the right hand to pick up milk carton from center of pink plate to pale turquoise plate./frame_0046.png,low,1
16_Use the right hand to pick up milk carton from center of pink plate to pale turquoise plate.,/mnt/data/sftp/data/quangpt3/gcvwm/calibration/feepe/feature_matching_eval_hallucination/data/query/low/16_Use the right hand to pick up milk carton from center of pink plate to pale turquoise plate./frame_0048.png,low,1
16_Use the right hand to pick up milk carton from center of pink plate to pale turquoise plate.,/mnt/data/sftp/data/quangpt3/gcvwm/calibration/feepe/feature_matching_eval_hallucination/data/query/low/16_Use the right hand to pick up milk carton from center of pink plate to pale turquoise plate./frame_0050.png,low,1
16_Use the right hand to pick up milk carton from center of pink plate to pale turquoise plate.,/mnt/data/sftp/data/quangpt3/gcvwm/calibration/feepe/feature_matching_eval_hallucination/data/query/low/16_Use the right hand to pick up milk carton from center of pink plate to pale turquoise plate./frame_0052.png,low,1
16_Use the right hand to pick up milk carton from center of pink plate to pale turquoise plate.,/mnt/data/sftp/data/quangpt3/gcvwm/calibration/feepe/feature_matching_eval_hallucination/data/query/low/16_Use the right hand to pick up milk carton from center of pink plate to pale turquoise plate./frame_0054.png,low,1
16_Use the right hand to pick up milk carton from center of pink plate to pale turquoise plate.,/mnt/data/sftp/data/quangpt3/gcvwm/calibration/feepe/feature_matching_eval_hallucination/data/query/low/16_Use the right hand to pick up milk carton from center of pink plate to pale turquoise plate./frame_0056.png,low,1
16_Use the right hand to pick up milk carton from center of pink plate to pale turquoise plate.,/mnt/data/sftp/data/quangpt3/gcvwm/calibration/feepe/feature_matching_eval_hallucination/data/query/low/16_Use the right hand to pick up milk carton from center of pink plate to pale turquoise plate./frame_0058.png,low,1
16_Use the right hand to pick up milk carton from center of pink plate to pale turquoise plate.,/mnt/data/sftp/data/quangpt3/gcvwm/calibration/feepe/feature_matching_eval_hallucination/data/query/low/16_Use the right hand to pick up milk carton from center of pink plate to pale turquoise plate./frame_0060.png,low,1
16_Use the right hand to pick up milk carton from center of pink plate to pale turquoise plate.,/mnt/data/sftp/data/quangpt3/gcvwm/calibration/feepe/feature_matching_eval_hallucination/data/query/low/16_Use the right hand to pick up milk carton from center of pink plate to pale turquoise plate./frame_0061.png,low,1
16_Use the right hand to pick up milk carton from center of pink plate to pale turquoise plate.,/mnt/data/sftp/data/quangpt3/gcvwm/calibration/feepe/feature_matching_eval_hallucination/data/query/low/16_Use the right hand to pick up milk carton from center of pink plate to pale turquoise plate./frame_0063.png,low,1
16_Use the right hand to pick up milk carton from center of pink plate to pale turquoise plate.,/mnt/data/sftp/data/quangpt3/gcvwm/calibration/feepe/feature_matching_eval_hallucination/data/query/low/16_Use the right hand to pick up milk carton from center of pink plate to pale turquoise plate./frame_0065.png,low,1
16_Use the right hand to pick up milk carton from center of pink plate to pale turquoise plate.,/mnt/data/sftp/data/quangpt3/gcvwm/calibration/feepe/feature_matching_eval_hallucination/data/query/low/16_Use the right hand to pick up milk carton from center of pink plate to pale turquoise plate./frame_0067.png,low,1
16_Use the right hand to pick up milk carton from center of pink plate to pale turquoise plate.,/mnt/data/sftp/data/quangpt3/gcvwm/calibration/feepe/feature_matching_eval_hallucination/data/query/low/16_Use the right hand to pick up milk carton from center of pink plate to pale turquoise plate./frame_0069.png,low,1
16_Use the right hand to pick up milk carton from center of pink plate to pale turquoise plate.,/mnt/data/sftp/data/quangpt3/gcvwm/calibration/feepe/feature_matching_eval_hallucination/data/query/low/16_Use the right hand to pick up milk carton from center of pink plate to pale turquoise plate./frame_0071.png,low,1
16_Use the right hand to pick up milk carton from center of pink plate to pale turquoise plate.,/mnt/data/sftp/data/quangpt3/gcvwm/calibration/feepe/feature_matching_eval_hallucination/data/query/low/16_Use the right hand to pick up milk carton from center of pink plate to pale turquoise plate./frame_0073.png,low,1
16_Use the right hand to pick up milk carton from center of pink plate to pale turquoise plate.,/mnt/data/sftp/data/quangpt3/gcvwm/calibration/feepe/feature_matching_eval_hallucination/data/query/low/16_Use the right hand to pick up milk carton from center of pink plate to pale turquoise plate./frame_0075.png,low,1
16_Use the right hand to pick up milk carton from center of pink plate to pale turquoise plate.,/mnt/data/sftp/data/quangpt3/gcvwm/calibration/feepe/feature_matching_eval_hallucination/data/query/low/16_Use the right hand to pick up milk carton from center of pink plate to pale turquoise plate./frame_0076.png,low,1
16_Use the right hand to pick up milk carton from center of pink plate to pale turquoise plate.,/mnt/data/sftp/data/quangpt3/gcvwm/calibration/feepe/feature_matching_eval_hallucination/data/query/low/16_Use the right hand to pick up milk carton from center of pink plate to pale turquoise plate./frame_0078.png,low,1
16_Use the right hand to pick up milk carton from center of pink plate to pale turquoise plate.,/mnt/data/sftp/data/quangpt3/gcvwm/calibration/feepe/feature_matching_eval_hallucination/data/query/low/16_Use the right hand to pick up milk carton from center of pink plate to pale turquoise plate./frame_0080.png,low,1
16_Use the right hand to pick up milk carton from center of pink plate to pale turquoise plate.,/mnt/data/sftp/data/quangpt3/gcvwm/calibration/feepe/feature_matching_eval_hallucination/data/query/low/16_Use the right hand to pick up milk carton from center of pink plate to pale turquoise plate./frame_0082.png,low,1
16_Use the right hand to pick up milk carton from center of pink plate to pale turquoise plate.,/mnt/data/sftp/data/quangpt3/gcvwm/calibration/feepe/feature_matching_eval_hallucination/data/query/low/16_Use the right hand to pick up milk carton from center of pink plate to pale turquoise plate./frame_0084.png,low,1
16_Use the right hand to pick up milk carton from center of pink plate to pale turquoise plate.,/mnt/data/sftp/data/quangpt3/gcvwm/calibration/feepe/feature_matching_eval_hallucination/data/query/low/16_Use the right hand to pick up milk carton from center of pink plate to pale turquoise plate./frame_0086.png,low,1
16_Use the right hand to pick up milk carton from center of pink plate to pale turquoise plate.,/mnt/data/sftp/data/quangpt3/gcvwm/calibration/feepe/feature_matching_eval_hallucination/data/query/low/16_Use the right hand to pick up milk carton from center of pink plate to pale turquoise plate./frame_0088.png,low,1
16_Use the right hand to pick up milk carton from center of pink plate to pale turquoise plate.,/mnt/data/sftp/data/quangpt3/gcvwm/calibration/feepe/feature_matching_eval_hallucination/data/query/low/16_Use the right hand to pick up milk carton from center of pink plate to pale turquoise plate./frame_0090.png,low,1
16_Use the right hand to pick up milk carton from center of pink plate to pale turquoise plate.,/mnt/data/sftp/data/quangpt3/gcvwm/calibration/feepe/feature_matching_eval_hallucination/data/query/low/16_Use the right hand to pick up milk carton from center of pink plate to pale turquoise plate./frame_0092.png,low,1
17_Use the right hand to pick up orange from pink plate to pale turquoise plate.,/mnt/data/sftp/data/quangpt3/gcvwm/calibration/feepe/feature_matching_eval_hallucination/data/query/low/17_Use the right hand to pick up orange from pink plate to pale turquoise plate./frame_0000.png,low,1
17_Use the right hand to pick up orange from pink plate to pale turquoise plate.,/mnt/data/sftp/data/quangpt3/gcvwm/calibration/feepe/feature_matching_eval_hallucination/data/query/low/17_Use the right hand to pick up orange from pink plate to pale turquoise plate./frame_0001.png,low,1
17_Use the right hand to pick up orange from pink plate to pale turquoise plate.,/mnt/data/sftp/data/quangpt3/gcvwm/calibration/feepe/feature_matching_eval_hallucination/data/query/low/17_Use the right hand to pick up orange from pink plate to pale turquoise plate./frame_0002.png,low,1
17_Use the right hand to pick up orange from pink plate to pale turquoise plate.,/mnt/data/sftp/data/quangpt3/gcvwm/calibration/feepe/feature_matching_eval_hallucination/data/query/low/17_Use the right hand to pick up orange from pink plate to pale turquoise plate./frame_0003.png,low,1
17_Use the right hand to pick up orange from pink plate to pale turquoise plate.,/mnt/data/sftp/data/quangpt3/gcvwm/calibration/feepe/feature_matching_eval_hallucination/data/query/low/17_Use the right hand to pick up orange from pink plate to pale turquoise plate./frame_0004.png,low,1
17_Use the right hand to pick up orange from pink plate to pale turquoise plate.,/mnt/data/sftp/data/quangpt3/gcvwm/calibration/feepe/feature_matching_eval_hallucination/data/query/low/17_Use the right hand to pick up orange from pink plate to pale turquoise plate./frame_0005.png,low,1
17_Use the right hand to pick up orange from pink plate to pale turquoise plate.,/mnt/data/sftp/data/quangpt3/gcvwm/calibration/feepe/feature_matching_eval_hallucination/data/query/low/17_Use the right hand to pick up orange from pink plate to pale turquoise plate./frame_0006.png,low,1
17_Use the right hand to pick up orange from pink plate to pale turquoise plate.,/mnt/data/sftp/data/quangpt3/gcvwm/calibration/feepe/feature_matching_eval_hallucination/data/query/low/17_Use the right hand to pick up orange from pink plate to pale turquoise plate./frame_0007.png,low,1
17_Use the right hand to pick up orange from pink plate to pale turquoise plate.,/mnt/data/sftp/data/quangpt3/gcvwm/calibration/feepe/feature_matching_eval_hallucination/data/query/low/17_Use the right hand to pick up orange from pink plate to pale turquoise plate./frame_0009.png,low,1
17_Use the right hand to pick up orange from pink plate to pale turquoise plate.,/mnt/data/sftp/data/quangpt3/gcvwm/calibration/feepe/feature_matching_eval_hallucination/data/query/low/17_Use the right hand to pick up orange from pink plate to pale turquoise plate./frame_0011.png,low,1
17_Use the right hand to pick up orange from pink plate to pale turquoise plate.,/mnt/data/sftp/data/quangpt3/gcvwm/calibration/feepe/feature_matching_eval_hallucination/data/query/low/17_Use the right hand to pick up orange from pink plate to pale turquoise plate./frame_0013.png,low,1
17_Use the right hand to pick up orange from pink plate to pale turquoise plate.,/mnt/data/sftp/data/quangpt3/gcvwm/calibration/feepe/feature_matching_eval_hallucination/data/query/low/17_Use the right hand to pick up orange from pink plate to pale turquoise plate./frame_0015.png,low,1
17_Use the right hand to pick up orange from pink plate to pale turquoise plate.,/mnt/data/sftp/data/quangpt3/gcvwm/calibration/feepe/feature_matching_eval_hallucination/data/query/low/17_Use the right hand to pick up orange from pink plate to pale turquoise plate./frame_0016.png,low,1
17_Use the right hand to pick up orange from pink plate to pale turquoise plate.,/mnt/data/sftp/data/quangpt3/gcvwm/calibration/feepe/feature_matching_eval_hallucination/data/query/low/17_Use the right hand to pick up orange from pink plate to pale turquoise plate./frame_0018.png,low,1
17_Use the right hand to pick up orange from pink plate to pale turquoise plate.,/mnt/data/sftp/data/quangpt3/gcvwm/calibration/feepe/feature_matching_eval_hallucination/data/query/low/17_Use the right hand to pick up orange from pink plate to pale turquoise plate./frame_0020.png,low,1
17_Use the right hand to pick up orange from pink plate to pale turquoise plate.,/mnt/data/sftp/data/quangpt3/gcvwm/calibration/feepe/feature_matching_eval_hallucination/data/query/low/17_Use the right hand to pick up orange from pink plate to pale turquoise plate./frame_0022.png,low,1
17_Use the right hand to pick up orange from pink plate to pale turquoise plate.,/mnt/data/sftp/data/quangpt3/gcvwm/calibration/feepe/feature_matching_eval_hallucination/data/query/low/17_Use the right hand to pick up orange from pink plate to pale turquoise plate./frame_0024.png,low,1
17_Use the right hand to pick up orange from pink plate to pale turquoise plate.,/mnt/data/sftp/data/quangpt3/gcvwm/calibration/feepe/feature_matching_eval_hallucination/data/query/low/17_Use the right hand to pick up orange from pink plate to pale turquoise plate./frame_0026.png,low,1
17_Use the right hand to pick up orange from pink plate to pale turquoise plate.,/mnt/data/sftp/data/quangpt3/gcvwm/calibration/feepe/feature_matching_eval_hallucination/data/query/low/17_Use the right hand to pick up orange from pink plate to pale turquoise plate./frame_0028.png,low,1
17_Use the right hand to pick up orange from pink plate to pale turquoise plate.,/mnt/data/sftp/data/quangpt3/gcvwm/calibration/feepe/feature_matching_eval_hallucination/data/query/low/17_Use the right hand to pick up orange from pink plate to pale turquoise plate./frame_0030.png,low,1
17_Use the right hand to pick up orange from pink plate to pale turquoise plate.,/mnt/data/sftp/data/quangpt3/gcvwm/calibration/feepe/feature_matching_eval_hallucination/data/query/low/17_Use the right hand to pick up orange from pink plate to pale turquoise plate./frame_0031.png,low,1
17_Use the right hand to pick up orange from pink plate to pale turquoise plate.,/mnt/data/sftp/data/quangpt3/gcvwm/calibration/feepe/feature_matching_eval_hallucination/data/query/low/17_Use the right hand to pick up orange from pink plate to pale turquoise plate./frame_0033.png,low,1
17_Use the right hand to pick up orange from pink plate to pale turquoise plate.,/mnt/data/sftp/data/quangpt3/gcvwm/calibration/feepe/feature_matching_eval_hallucination/data/query/low/17_Use the right hand to pick up orange from pink plate to pale turquoise plate./frame_0035.png,low,1
17_Use the right hand to pick up orange from pink plate to pale turquoise plate.,/mnt/data/sftp/data/quangpt3/gcvwm/calibration/feepe/feature_matching_eval_hallucination/data/query/low/17_Use the right hand to pick up orange from pink plate to pale turquoise plate./frame_0037.png,low,1
17_Use the right hand to pick up orange from pink plate to pale turquoise plate.,/mnt/data/sftp/data/quangpt3/gcvwm/calibration/feepe/feature_matching_eval_hallucination/data/query/low/17_Use the right hand to pick up orange from pink plate to pale turquoise plate./frame_0039.png,low,1
17_Use the right hand to pick up orange from pink plate to pale turquoise plate.,/mnt/data/sftp/data/quangpt3/gcvwm/calibration/feepe/feature_matching_eval_hallucination/data/query/low/17_Use the right hand to pick up orange from pink plate to pale turquoise plate./frame_0041.png,low,1
17_Use the right hand to pick up orange from pink plate to pale turquoise plate.,/mnt/data/sftp/data/quangpt3/gcvwm/calibration/feepe/feature_matching_eval_hallucination/data/query/low/17_Use the right hand to pick up orange from pink plate to pale turquoise plate./frame_0043.png,low,1
17_Use the right hand to pick up orange from pink plate to pale turquoise plate.,/mnt/data/sftp/data/quangpt3/gcvwm/calibration/feepe/feature_matching_eval_hallucination/data/query/low/17_Use the right hand to pick up orange from pink plate to pale turquoise plate./frame_0045.png,low,1
17_Use the right hand to pick up orange from pink plate to pale turquoise plate.,/mnt/data/sftp/data/quangpt3/gcvwm/calibration/feepe/feature_matching_eval_hallucination/data/query/low/17_Use the right hand to pick up orange from pink plate to pale turquoise plate./frame_0046.png,low,1
17_Use the right hand to pick up orange from pink plate to pale turquoise plate.,/mnt/data/sftp/data/quangpt3/gcvwm/calibration/feepe/feature_matching_eval_hallucination/data/query/low/17_Use the right hand to pick up orange from pink plate to pale turquoise plate./frame_0048.png,low,1
17_Use the right hand to pick up orange from pink plate to pale turquoise plate.,/mnt/data/sftp/data/quangpt3/gcvwm/calibration/feepe/feature_matching_eval_hallucination/data/query/low/17_Use the right hand to pick up orange from pink plate to pale turquoise plate./frame_0050.png,low,1
17_Use the right hand to pick up orange from pink plate to pale turquoise plate.,/mnt/data/sftp/data/quangpt3/gcvwm/calibration/feepe/feature_matching_eval_hallucination/data/query/low/17_Use the right hand to pick up orange from pink plate to pale turquoise plate./frame_0052.png,low,1
17_Use the right hand to pick up orange from pink plate to pale turquoise plate.,/mnt/data/sftp/data/quangpt3/gcvwm/calibration/feepe/feature_matching_eval_hallucination/data/query/low/17_Use the right hand to pick up orange from pink plate to pale turquoise plate./frame_0054.png,low,1
17_Use the right hand to pick up orange from pink plate to pale turquoise plate.,/mnt/data/sftp/data/quangpt3/gcvwm/calibration/feepe/feature_matching_eval_hallucination/data/query/low/17_Use the right hand to pick up orange from pink plate to pale turquoise plate./frame_0056.png,low,1
17_Use the right hand to pick up orange from pink plate to pale turquoise plate.,/mnt/data/sftp/data/quangpt3/gcvwm/calibration/feepe/feature_matching_eval_hallucination/data/query/low/17_Use the right hand to pick up orange from pink plate to pale turquoise plate./frame_0058.png,low,1
17_Use the right hand to pick up orange from pink plate to pale turquoise plate.,/mnt/data/sftp/data/quangpt3/gcvwm/calibration/feepe/feature_matching_eval_hallucination/data/query/low/17_Use the right hand to pick up orange from pink plate to pale turquoise plate./frame_0060.png,low,1
17_Use the right hand to pick up orange from pink plate to pale turquoise plate.,/mnt/data/sftp/data/quangpt3/gcvwm/calibration/feepe/feature_matching_eval_hallucination/data/query/low/17_Use the right hand to pick up orange from pink plate to pale turquoise plate./frame_0061.png,low,1
17_Use the right hand to pick up orange from pink plate to pale turquoise plate.,/mnt/data/sftp/data/quangpt3/gcvwm/calibration/feepe/feature_matching_eval_hallucination/data/query/low/17_Use the right hand to pick up orange from pink plate to pale turquoise plate./frame_0063.png,low,1
17_Use the right hand to pick up orange from pink plate to pale turquoise plate.,/mnt/data/sftp/data/quangpt3/gcvwm/calibration/feepe/feature_matching_eval_hallucination/data/query/low/17_Use the right hand to pick up orange from pink plate to pale turquoise plate./frame_0065.png,low,1
17_Use the right hand to pick up orange from pink plate to pale turquoise plate.,/mnt/data/sftp/data/quangpt3/gcvwm/calibration/feepe/feature_matching_eval_hallucination/data/query/low/17_Use the right hand to pick up orange from pink plate to pale turquoise plate./frame_0067.png,low,1
17_Use the right hand to pick up orange from pink plate to pale turquoise plate.,/mnt/data/sftp/data/quangpt3/gcvwm/calibration/feepe/feature_matching_eval_hallucination/data/query/low/17_Use the right hand to pick up orange from pink plate to pale turquoise plate./frame_0069.png,low,1
17_Use the right hand to pick up orange from pink plate to pale turquoise plate.,/mnt/data/sftp/data/quangpt3/gcvwm/calibration/feepe/feature_matching_eval_hallucination/data/query/low/17_Use the right hand to pick up orange from pink plate to pale turquoise plate./frame_0071.png,low,1
17_Use the right hand to pick up orange from pink plate to pale turquoise plate.,/mnt/data/sftp/data/quangpt3/gcvwm/calibration/feepe/feature_matching_eval_hallucination/data/query/low/17_Use the right hand to pick up orange from pink plate to pale turquoise plate./frame_0073.png,low,1
17_Use the right hand to pick up orange from pink plate to pale turquoise plate.,/mnt/data/sftp/data/quangpt3/gcvwm/calibration/feepe/feature_matching_eval_hallucination/data/query/low/17_Use the right hand to pick up orange from pink plate to pale turquoise plate./frame_0075.png,low,1
17_Use the right hand to pick up orange from pink plate to pale turquoise plate.,/mnt/data/sftp/data/quangpt3/gcvwm/calibration/feepe/feature_matching_eval_hallucination/data/query/low/17_Use the right hand to pick up orange from pink plate to pale turquoise plate./frame_0076.png,low,1
17_Use the right hand to pick up orange from pink plate to pale turquoise plate.,/mnt/data/sftp/data/quangpt3/gcvwm/calibration/feepe/feature_matching_eval_hallucination/data/query/low/17_Use the right hand to pick up orange from pink plate to pale turquoise plate./frame_0078.png,low,1
17_Use the right hand to pick up orange from pink plate to pale turquoise plate.,/mnt/data/sftp/data/quangpt3/gcvwm/calibration/feepe/feature_matching_eval_hallucination/data/query/low/17_Use the right hand to pick up orange from pink plate to pale turquoise plate./frame_0080.png,low,1
17_Use the right hand to pick up orange from pink plate to pale turquoise plate.,/mnt/data/sftp/data/quangpt3/gcvwm/calibration/feepe/feature_matching_eval_hallucination/data/query/low/17_Use the right hand to pick up orange from pink plate to pale turquoise plate./frame_0082.png,low,1
17_Use the right hand to pick up orange from pink plate to pale turquoise plate.,/mnt/data/sftp/data/quangpt3/gcvwm/calibration/feepe/feature_matching_eval_hallucination/data/query/low/17_Use the right hand to pick up orange from pink plate to pale turquoise plate./frame_0084.png,low,1
17_Use the right hand to pick up orange from pink plate to pale turquoise plate.,/mnt/data/sftp/data/quangpt3/gcvwm/calibration/feepe/feature_matching_eval_hallucination/data/query/low/17_Use the right hand to pick up orange from pink plate to pale turquoise plate./frame_0086.png,low,1
17_Use the right hand to pick up orange from pink plate to pale turquoise plate.,/mnt/data/sftp/data/quangpt3/gcvwm/calibration/feepe/feature_matching_eval_hallucination/data/query/low/17_Use the right hand to pick up orange from pink plate to pale turquoise plate./frame_0088.png,low,1
17_Use the right hand to pick up orange from pink plate to pale turquoise plate.,/mnt/data/sftp/data/quangpt3/gcvwm/calibration/feepe/feature_matching_eval_hallucination/data/query/low/17_Use the right hand to pick up orange from pink plate to pale turquoise plate./frame_0090.png,low,1
17_Use the right hand to pick up orange from pink plate to pale turquoise plate.,/mnt/data/sftp/data/quangpt3/gcvwm/calibration/feepe/feature_matching_eval_hallucination/data/query/low/17_Use the right hand to pick up orange from pink plate to pale turquoise plate./frame_0092.png,low,1
19_Use the right hand to pick up sandwich to pizza box,/mnt/data/sftp/data/quangpt3/gcvwm/calibration/feepe/feature_matching_eval_hallucination/data/query/low/19_Use the right hand to pick up sandwich to pizza box/frame_0000.png,low,1
19_Use the right hand to pick up sandwich to pizza box,/mnt/data/sftp/data/quangpt3/gcvwm/calibration/feepe/feature_matching_eval_hallucination/data/query/low/19_Use the right hand to pick up sandwich to pizza box/frame_0001.png,low,1
19_Use the right hand to pick up sandwich to pizza box,/mnt/data/sftp/data/quangpt3/gcvwm/calibration/feepe/feature_matching_eval_hallucination/data/query/low/19_Use the right hand to pick up sandwich to pizza box/frame_0002.png,low,1
19_Use the right hand to pick up sandwich to pizza box,/mnt/data/sftp/data/quangpt3/gcvwm/calibration/feepe/feature_matching_eval_hallucination/data/query/low/19_Use the right hand to pick up sandwich to pizza box/frame_0003.png,low,1
19_Use the right hand to pick up sandwich to pizza box,/mnt/data/sftp/data/quangpt3/gcvwm/calibration/feepe/feature_matching_eval_hallucination/data/query/low/19_Use the right hand to pick up sandwich to pizza box/frame_0004.png,low,1
19_Use the right hand to pick up sandwich to pizza box,/mnt/data/sftp/data/quangpt3/gcvwm/calibration/feepe/feature_matching_eval_hallucination/data/query/low/19_Use the right hand to pick up sandwich to pizza box/frame_0005.png,low,1
19_Use the right hand to pick up sandwich to pizza box,/mnt/data/sftp/data/quangpt3/gcvwm/calibration/feepe/feature_matching_eval_hallucination/data/query/low/19_Use the right hand to pick up sandwich to pizza box/frame_0006.png,low,1
19_Use the right hand to pick up sandwich to pizza box,/mnt/data/sftp/data/quangpt3/gcvwm/calibration/feepe/feature_matching_eval_hallucination/data/query/low/19_Use the right hand to pick up sandwich to pizza box/frame_0007.png,low,1
19_Use the right hand to pick up sandwich to pizza box,/mnt/data/sftp/data/quangpt3/gcvwm/calibration/feepe/feature_matching_eval_hallucination/data/query/low/19_Use the right hand to pick up sandwich to pizza box/frame_0009.png,low,1
19_Use the right hand to pick up sandwich to pizza box,/mnt/data/sftp/data/quangpt3/gcvwm/calibration/feepe/feature_matching_eval_hallucination/data/query/low/19_Use the right hand to pick up sandwich to pizza box/frame_0011.png,low,1
19_Use the right hand to pick up sandwich to pizza box,/mnt/data/sftp/data/quangpt3/gcvwm/calibration/feepe/feature_matching_eval_hallucination/data/query/low/19_Use the right hand to pick up sandwich to pizza box/frame_0013.png,low,1
19_Use the right hand to pick up sandwich to pizza box,/mnt/data/sftp/data/quangpt3/gcvwm/calibration/feepe/feature_matching_eval_hallucination/data/query/low/19_Use the right hand to pick up sandwich to pizza box/frame_0015.png,low,1
19_Use the right hand to pick up sandwich to pizza box,/mnt/data/sftp/data/quangpt3/gcvwm/calibration/feepe/feature_matching_eval_hallucination/data/query/low/19_Use the right hand to pick up sandwich to pizza box/frame_0016.png,low,1
19_Use the right hand to pick up sandwich to pizza box,/mnt/data/sftp/data/quangpt3/gcvwm/calibration/feepe/feature_matching_eval_hallucination/data/query/low/19_Use the right hand to pick up sandwich to pizza box/frame_0018.png,low,1
19_Use the right hand to pick up sandwich to pizza box,/mnt/data/sftp/data/quangpt3/gcvwm/calibration/feepe/feature_matching_eval_hallucination/data/query/low/19_Use the right hand to pick up sandwich to pizza box/frame_0020.png,low,1
19_Use the right hand to pick up sandwich to pizza box,/mnt/data/sftp/data/quangpt3/gcvwm/calibration/feepe/feature_matching_eval_hallucination/data/query/low/19_Use the right hand to pick up sandwich to pizza box/frame_0022.png,low,1
19_Use the right hand to pick up sandwich to pizza box,/mnt/data/sftp/data/quangpt3/gcvwm/calibration/feepe/feature_matching_eval_hallucination/data/query/low/19_Use the right hand to pick up sandwich to pizza box/frame_0024.png,low,1
19_Use the right hand to pick up sandwich to pizza box,/mnt/data/sftp/data/quangpt3/gcvwm/calibration/feepe/feature_matching_eval_hallucination/data/query/low/19_Use the right hand to pick up sandwich to pizza box/frame_0026.png,low,1
19_Use the right hand to pick up sandwich to pizza box,/mnt/data/sftp/data/quangpt3/gcvwm/calibration/feepe/feature_matching_eval_hallucination/data/query/low/19_Use the right hand to pick up sandwich to pizza box/frame_0028.png,low,1
19_Use the right hand to pick up sandwich to pizza box,/mnt/data/sftp/data/quangpt3/gcvwm/calibration/feepe/feature_matching_eval_hallucination/data/query/low/19_Use the right hand to pick up sandwich to pizza box/frame_0030.png,low,1
19_Use the right hand to pick up sandwich to pizza box,/mnt/data/sftp/data/quangpt3/gcvwm/calibration/feepe/feature_matching_eval_hallucination/data/query/low/19_Use the right hand to pick up sandwich to pizza box/frame_0031.png,low,1
19_Use the right hand to pick up sandwich to pizza box,/mnt/data/sftp/data/quangpt3/gcvwm/calibration/feepe/feature_matching_eval_hallucination/data/query/low/19_Use the right hand to pick up sandwich to pizza box/frame_0033.png,low,1
19_Use the right hand to pick up sandwich to pizza box,/mnt/data/sftp/data/quangpt3/gcvwm/calibration/feepe/feature_matching_eval_hallucination/data/query/low/19_Use the right hand to pick up sandwich to pizza box/frame_0035.png,low,1
19_Use the right hand to pick up sandwich to pizza box,/mnt/data/sftp/data/quangpt3/gcvwm/calibration/feepe/feature_matching_eval_hallucination/data/query/low/19_Use the right hand to pick up sandwich to pizza box/frame_0037.png,low,1
19_Use the right hand to pick up sandwich to pizza box,/mnt/data/sftp/data/quangpt3/gcvwm/calibration/feepe/feature_matching_eval_hallucination/data/query/low/19_Use the right hand to pick up sandwich to pizza box/frame_0039.png,low,1
19_Use the right hand to pick up sandwich to pizza box,/mnt/data/sftp/data/quangpt3/gcvwm/calibration/feepe/feature_matching_eval_hallucination/data/query/low/19_Use the right hand to pick up sandwich to pizza box/frame_0041.png,low,1
19_Use the right hand to pick up sandwich to pizza box,/mnt/data/sftp/data/quangpt3/gcvwm/calibration/feepe/feature_matching_eval_hallucination/data/query/low/19_Use the right hand to pick up sandwich to pizza box/frame_0043.png,low,1
19_Use the right hand to pick up sandwich to pizza box,/mnt/data/sftp/data/quangpt3/gcvwm/calibration/feepe/feature_matching_eval_hallucination/data/query/low/19_Use the right hand to pick up sandwich to pizza box/frame_0045.png,low,1
19_Use the right hand to pick up sandwich to pizza box,/mnt/data/sftp/data/quangpt3/gcvwm/calibration/feepe/feature_matching_eval_hallucination/data/query/low/19_Use the right hand to pick up sandwich to pizza box/frame_0046.png,low,1
19_Use the right hand to pick up sandwich to pizza box,/mnt/data/sftp/data/quangpt3/gcvwm/calibration/feepe/feature_matching_eval_hallucination/data/query/low/19_Use the right hand to pick up sandwich to pizza box/frame_0048.png,low,1
19_Use the right hand to pick up sandwich to pizza box,/mnt/data/sftp/data/quangpt3/gcvwm/calibration/feepe/feature_matching_eval_hallucination/data/query/low/19_Use the right hand to pick up sandwich to pizza box/frame_0050.png,low,1
19_Use the right hand to pick up sandwich to pizza box,/mnt/data/sftp/data/quangpt3/gcvwm/calibration/feepe/feature_matching_eval_hallucination/data/query/low/19_Use the right hand to pick up sandwich to pizza box/frame_0052.png,low,1
19_Use the right hand to pick up sandwich to pizza box,/mnt/data/sftp/data/quangpt3/gcvwm/calibration/feepe/feature_matching_eval_hallucination/data/query/low/19_Use the right hand to pick up sandwich to pizza box/frame_0054.png,low,1
19_Use the right hand to pick up sandwich to pizza box,/mnt/data/sftp/data/quangpt3/gcvwm/calibration/feepe/feature_matching_eval_hallucination/data/query/low/19_Use the right hand to pick up sandwich to pizza box/frame_0056.png,low,1
19_Use the right hand to pick up sandwich to pizza box,/mnt/data/sftp/data/quangpt3/gcvwm/calibration/feepe/feature_matching_eval_hallucination/data/query/low/19_Use the right hand to pick up sandwich to pizza box/frame_0058.png,low,1
19_Use the right hand to pick up sandwich to pizza box,/mnt/data/sftp/data/quangpt3/gcvwm/calibration/feepe/feature_matching_eval_hallucination/data/query/low/19_Use the right hand to pick up sandwich to pizza box/frame_0060.png,low,1
19_Use the right hand to pick up sandwich to pizza box,/mnt/data/sftp/data/quangpt3/gcvwm/calibration/feepe/feature_matching_eval_hallucination/data/query/low/19_Use the right hand to pick up sandwich to pizza box/frame_0061.png,low,1
19_Use the right hand to pick up sandwich to pizza box,/mnt/data/sftp/data/quangpt3/gcvwm/calibration/feepe/feature_matching_eval_hallucination/data/query/low/19_Use the right hand to pick up sandwich to pizza box/frame_0063.png,low,1
19_Use the right hand to pick up sandwich to pizza box,/mnt/data/sftp/data/quangpt3/gcvwm/calibration/feepe/feature_matching_eval_hallucination/data/query/low/19_Use the right hand to pick up sandwich to pizza box/frame_0065.png,low,1
19_Use the right hand to pick up sandwich to pizza box,/mnt/data/sftp/data/quangpt3/gcvwm/calibration/feepe/feature_matching_eval_hallucination/data/query/low/19_Use the right hand to pick up sandwich to pizza box/frame_0067.png,low,1
19_Use the right hand to pick up sandwich to pizza box,/mnt/data/sftp/data/quangpt3/gcvwm/calibration/feepe/feature_matching_eval_hallucination/data/query/low/19_Use the right hand to pick up sandwich to pizza box/frame_0069.png,low,1
19_Use the right hand to pick up sandwich to pizza box,/mnt/data/sftp/data/quangpt3/gcvwm/calibration/feepe/feature_matching_eval_hallucination/data/query/low/19_Use the right hand to pick up sandwich to pizza box/frame_0071.png,low,1
19_Use the right hand to pick up sandwich to pizza box,/mnt/data/sftp/data/quangpt3/gcvwm/calibration/feepe/feature_matching_eval_hallucination/data/query/low/19_Use the right hand to pick up sandwich to pizza box/frame_0073.png,low,1
19_Use the right hand to pick up sandwich to pizza box,/mnt/data/sftp/data/quangpt3/gcvwm/calibration/feepe/feature_matching_eval_hallucination/data/query/low/19_Use the right hand to pick up sandwich to pizza box/frame_0075.png,low,1
19_Use the right hand to pick up sandwich to pizza box,/mnt/data/sftp/data/quangpt3/gcvwm/calibration/feepe/feature_matching_eval_hallucination/data/query/low/19_Use the right hand to pick up sandwich to pizza box/frame_0076.png,low,1
19_Use the right hand to pick up sandwich to pizza box,/mnt/data/sftp/data/quangpt3/gcvwm/calibration/feepe/feature_matching_eval_hallucination/data/query/low/19_Use the right hand to pick up sandwich to pizza box/frame_0078.png,low,1
19_Use the right hand to pick up sandwich to pizza box,/mnt/data/sftp/data/quangpt3/gcvwm/calibration/feepe/feature_matching_eval_hallucination/data/query/low/19_Use the right hand to pick up sandwich to pizza box/frame_0080.png,low,1
19_Use the right hand to pick up sandwich to pizza box,/mnt/data/sftp/data/quangpt3/gcvwm/calibration/feepe/feature_matching_eval_hallucination/data/query/low/19_Use the right hand to pick up sandwich to pizza box/frame_0082.png,low,1
19_Use the right hand to pick up sandwich to pizza box,/mnt/data/sftp/data/quangpt3/gcvwm/calibration/feepe/feature_matching_eval_hallucination/data/query/low/19_Use the right hand to pick up sandwich to pizza box/frame_0084.png,low,1
19_Use the right hand to pick up sandwich to pizza box,/mnt/data/sftp/data/quangpt3/gcvwm/calibration/feepe/feature_matching_eval_hallucination/data/query/low/19_Use the right hand to pick up sandwich to pizza box/frame_0086.png,low,1
19_Use the right hand to pick up sandwich to pizza box,/mnt/data/sftp/data/quangpt3/gcvwm/calibration/feepe/feature_matching_eval_hallucination/data/query/low/19_Use the right hand to pick up sandwich to pizza box/frame_0088.png,low,1
19_Use the right hand to pick up sandwich to pizza box,/mnt/data/sftp/data/quangpt3/gcvwm/calibration/feepe/feature_matching_eval_hallucination/data/query/low/19_Use the right hand to pick up sandwich to pizza box/frame_0090.png,low,1
19_Use the right hand to pick up sandwich to pizza box,/mnt/data/sftp/data/quangpt3/gcvwm/calibration/feepe/feature_matching_eval_hallucination/data/query/low/19_Use the right hand to pick up sandwich to pizza box/frame_0092.png,low,1
1_Use the right hand to pick up orange juice carton from center of pink plate to center of green bowl.,/mnt/data/sftp/data/quangpt3/gcvwm/calibration/feepe/feature_matching_eval_hallucination/data/query/low/1_Use the right hand to pick up orange juice carton from center of pink plate to center of green bowl./frame_0000.png,low,1
1_Use the right hand to pick up orange juice carton from center of pink plate to center of green bowl.,/mnt/data/sftp/data/quangpt3/gcvwm/calibration/feepe/feature_matching_eval_hallucination/data/query/low/1_Use the right hand to pick up orange juice carton from center of pink plate to center of green bowl./frame_0001.png,low,1
1_Use the right hand to pick up orange juice carton from center of pink plate to center of green bowl.,/mnt/data/sftp/data/quangpt3/gcvwm/calibration/feepe/feature_matching_eval_hallucination/data/query/low/1_Use the right hand to pick up orange juice carton from center of pink plate to center of green bowl./frame_0002.png,low,1
1_Use the right hand to pick up orange juice carton from center of pink plate to center of green bowl.,/mnt/data/sftp/data/quangpt3/gcvwm/calibration/feepe/feature_matching_eval_hallucination/data/query/low/1_Use the right hand to pick up orange juice carton from center of pink plate to center of green bowl./frame_0003.png,low,1
1_Use the right hand to pick up orange juice carton from center of pink plate to center of green bowl.,/mnt/data/sftp/data/quangpt3/gcvwm/calibration/feepe/feature_matching_eval_hallucination/data/query/low/1_Use the right hand to pick up orange juice carton from center of pink plate to center of green bowl./frame_0004.png,low,1
1_Use the right hand to pick up orange juice carton from center of pink plate to center of green bowl.,/mnt/data/sftp/data/quangpt3/gcvwm/calibration/feepe/feature_matching_eval_hallucination/data/query/low/1_Use the right hand to pick up orange juice carton from center of pink plate to center of green bowl./frame_0005.png,low,1
1_Use the right hand to pick up orange juice carton from center of pink plate to center of green bowl.,/mnt/data/sftp/data/quangpt3/gcvwm/calibration/feepe/feature_matching_eval_hallucination/data/query/low/1_Use the right hand to pick up orange juice carton from center of pink plate to center of green bowl./frame_0006.png,low,1
1_Use the right hand to pick up orange juice carton from center of pink plate to center of green bowl.,/mnt/data/sftp/data/quangpt3/gcvwm/calibration/feepe/feature_matching_eval_hallucination/data/query/low/1_Use the right hand to pick up orange juice carton from center of pink plate to center of green bowl./frame_0007.png,low,1
1_Use the right hand to pick up orange juice carton from center of pink plate to center of green bowl.,/mnt/data/sftp/data/quangpt3/gcvwm/calibration/feepe/feature_matching_eval_hallucination/data/query/low/1_Use the right hand to pick up orange juice carton from center of pink plate to center of green bowl./frame_0009.png,low,1
1_Use the right hand to pick up orange juice carton from center of pink plate to center of green bowl.,/mnt/data/sftp/data/quangpt3/gcvwm/calibration/feepe/feature_matching_eval_hallucination/data/query/low/1_Use the right hand to pick up orange juice carton from center of pink plate to center of green bowl./frame_0011.png,low,1
1_Use the right hand to pick up orange juice carton from center of pink plate to center of green bowl.,/mnt/data/sftp/data/quangpt3/gcvwm/calibration/feepe/feature_matching_eval_hallucination/data/query/low/1_Use the right hand to pick up orange juice carton from center of pink plate to center of green bowl./frame_0013.png,low,1
1_Use the right hand to pick up orange juice carton from center of pink plate to center of green bowl.,/mnt/data/sftp/data/quangpt3/gcvwm/calibration/feepe/feature_matching_eval_hallucination/data/query/low/1_Use the right hand to pick up orange juice carton from center of pink plate to center of green bowl./frame_0015.png,low,1
1_Use the right hand to pick up orange juice carton from center of pink plate to center of green bowl.,/mnt/data/sftp/data/quangpt3/gcvwm/calibration/feepe/feature_matching_eval_hallucination/data/query/low/1_Use the right hand to pick up orange juice carton from center of pink plate to center of green bowl./frame_0016.png,low,1
1_Use the right hand to pick up orange juice carton from center of pink plate to center of green bowl.,/mnt/data/sftp/data/quangpt3/gcvwm/calibration/feepe/feature_matching_eval_hallucination/data/query/low/1_Use the right hand to pick up orange juice carton from center of pink plate to center of green bowl./frame_0018.png,low,1
1_Use the right hand to pick up orange juice carton from center of pink plate to center of green bowl.,/mnt/data/sftp/data/quangpt3/gcvwm/calibration/feepe/feature_matching_eval_hallucination/data/query/low/1_Use the right hand to pick up orange juice carton from center of pink plate to center of green bowl./frame_0020.png,low,1
1_Use the right hand to pick up orange juice carton from center of pink plate to center of green bowl.,/mnt/data/sftp/data/quangpt3/gcvwm/calibration/feepe/feature_matching_eval_hallucination/data/query/low/1_Use the right hand to pick up orange juice carton from center of pink plate to center of green bowl./frame_0022.png,low,1
1_Use the right hand to pick up orange juice carton from center of pink plate to center of green bowl.,/mnt/data/sftp/data/quangpt3/gcvwm/calibration/feepe/feature_matching_eval_hallucination/data/query/low/1_Use the right hand to pick up orange juice carton from center of pink plate to center of green bowl./frame_0024.png,low,1
1_Use the right hand to pick up orange juice carton from center of pink plate to center of green bowl.,/mnt/data/sftp/data/quangpt3/gcvwm/calibration/feepe/feature_matching_eval_hallucination/data/query/low/1_Use the right hand to pick up orange juice carton from center of pink plate to center of green bowl./frame_0026.png,low,1
1_Use the right hand to pick up orange juice carton from center of pink plate to center of green bowl.,/mnt/data/sftp/data/quangpt3/gcvwm/calibration/feepe/feature_matching_eval_hallucination/data/query/low/1_Use the right hand to pick up orange juice carton from center of pink plate to center of green bowl./frame_0028.png,low,1
1_Use the right hand to pick up orange juice carton from center of pink plate to center of green bowl.,/mnt/data/sftp/data/quangpt3/gcvwm/calibration/feepe/feature_matching_eval_hallucination/data/query/low/1_Use the right hand to pick up orange juice carton from center of pink plate to center of green bowl./frame_0030.png,low,1
1_Use the right hand to pick up orange juice carton from center of pink plate to center of green bowl.,/mnt/data/sftp/data/quangpt3/gcvwm/calibration/feepe/feature_matching_eval_hallucination/data/query/low/1_Use the right hand to pick up orange juice carton from center of pink plate to center of green bowl./frame_0031.png,low,1
1_Use the right hand to pick up orange juice carton from center of pink plate to center of green bowl.,/mnt/data/sftp/data/quangpt3/gcvwm/calibration/feepe/feature_matching_eval_hallucination/data/query/low/1_Use the right hand to pick up orange juice carton from center of pink plate to center of green bowl./frame_0033.png,low,1
1_Use the right hand to pick up orange juice carton from center of pink plate to center of green bowl.,/mnt/data/sftp/data/quangpt3/gcvwm/calibration/feepe/feature_matching_eval_hallucination/data/query/low/1_Use the right hand to pick up orange juice carton from center of pink plate to center of green bowl./frame_0035.png,low,1
1_Use the right hand to pick up orange juice carton from center of pink plate to center of green bowl.,/mnt/data/sftp/data/quangpt3/gcvwm/calibration/feepe/feature_matching_eval_hallucination/data/query/low/1_Use the right hand to pick up orange juice carton from center of pink plate to center of green bowl./frame_0037.png,low,1
1_Use the right hand to pick up orange juice carton from center of pink plate to center of green bowl.,/mnt/data/sftp/data/quangpt3/gcvwm/calibration/feepe/feature_matching_eval_hallucination/data/query/low/1_Use the right hand to pick up orange juice carton from center of pink plate to center of green bowl./frame_0039.png,low,1
1_Use the right hand to pick up orange juice carton from center of pink plate to center of green bowl.,/mnt/data/sftp/data/quangpt3/gcvwm/calibration/feepe/feature_matching_eval_hallucination/data/query/low/1_Use the right hand to pick up orange juice carton from center of pink plate to center of green bowl./frame_0041.png,low,1
1_Use the right hand to pick up orange juice carton from center of pink plate to center of green bowl.,/mnt/data/sftp/data/quangpt3/gcvwm/calibration/feepe/feature_matching_eval_hallucination/data/query/low/1_Use the right hand to pick up orange juice carton from center of pink plate to center of green bowl./frame_0043.png,low,1
1_Use the right hand to pick up orange juice carton from center of pink plate to center of green bowl.,/mnt/data/sftp/data/quangpt3/gcvwm/calibration/feepe/feature_matching_eval_hallucination/data/query/low/1_Use the right hand to pick up orange juice carton from center of pink plate to center of green bowl./frame_0045.png,low,1
1_Use the right hand to pick up orange juice carton from center of pink plate to center of green bowl.,/mnt/data/sftp/data/quangpt3/gcvwm/calibration/feepe/feature_matching_eval_hallucination/data/query/low/1_Use the right hand to pick up orange juice carton from center of pink plate to center of green bowl./frame_0046.png,low,1
1_Use the right hand to pick up orange juice carton from center of pink plate to center of green bowl.,/mnt/data/sftp/data/quangpt3/gcvwm/calibration/feepe/feature_matching_eval_hallucination/data/query/low/1_Use the right hand to pick up orange juice carton from center of pink plate to center of green bowl./frame_0048.png,low,1
1_Use the right hand to pick up orange juice carton from center of pink plate to center of green bowl.,/mnt/data/sftp/data/quangpt3/gcvwm/calibration/feepe/feature_matching_eval_hallucination/data/query/low/1_Use the right hand to pick up orange juice carton from center of pink plate to center of green bowl./frame_0050.png,low,1
1_Use the right hand to pick up orange juice carton from center of pink plate to center of green bowl.,/mnt/data/sftp/data/quangpt3/gcvwm/calibration/feepe/feature_matching_eval_hallucination/data/query/low/1_Use the right hand to pick up orange juice carton from center of pink plate to center of green bowl./frame_0052.png,low,1
1_Use the right hand to pick up orange juice carton from center of pink plate to center of green bowl.,/mnt/data/sftp/data/quangpt3/gcvwm/calibration/feepe/feature_matching_eval_hallucination/data/query/low/1_Use the right hand to pick up orange juice carton from center of pink plate to center of green bowl./frame_0054.png,low,1
1_Use the right hand to pick up orange juice carton from center of pink plate to center of green bowl.,/mnt/data/sftp/data/quangpt3/gcvwm/calibration/feepe/feature_matching_eval_hallucination/data/query/low/1_Use the right hand to pick up orange juice carton from center of pink plate to center of green bowl./frame_0056.png,low,1
1_Use the right hand to pick up orange juice carton from center of pink plate to center of green bowl.,/mnt/data/sftp/data/quangpt3/gcvwm/calibration/feepe/feature_matching_eval_hallucination/data/query/low/1_Use the right hand to pick up orange juice carton from center of pink plate to center of green bowl./frame_0058.png,low,1
1_Use the right hand to pick up orange juice carton from center of pink plate to center of green bowl.,/mnt/data/sftp/data/quangpt3/gcvwm/calibration/feepe/feature_matching_eval_hallucination/data/query/low/1_Use the right hand to pick up orange juice carton from center of pink plate to center of green bowl./frame_0060.png,low,1
1_Use the right hand to pick up orange juice carton from center of pink plate to center of green bowl.,/mnt/data/sftp/data/quangpt3/gcvwm/calibration/feepe/feature_matching_eval_hallucination/data/query/low/1_Use the right hand to pick up orange juice carton from center of pink plate to center of green bowl./frame_0061.png,low,1
1_Use the right hand to pick up orange juice carton from center of pink plate to center of green bowl.,/mnt/data/sftp/data/quangpt3/gcvwm/calibration/feepe/feature_matching_eval_hallucination/data/query/low/1_Use the right hand to pick up orange juice carton from center of pink plate to center of green bowl./frame_0063.png,low,1
1_Use the right hand to pick up orange juice carton from center of pink plate to center of green bowl.,/mnt/data/sftp/data/quangpt3/gcvwm/calibration/feepe/feature_matching_eval_hallucination/data/query/low/1_Use the right hand to pick up orange juice carton from center of pink plate to center of green bowl./frame_0065.png,low,1
1_Use the right hand to pick up orange juice carton from center of pink plate to center of green bowl.,/mnt/data/sftp/data/quangpt3/gcvwm/calibration/feepe/feature_matching_eval_hallucination/data/query/low/1_Use the right hand to pick up orange juice carton from center of pink plate to center of green bowl./frame_0067.png,low,1
1_Use the right hand to pick up orange juice carton from center of pink plate to center of green bowl.,/mnt/data/sftp/data/quangpt3/gcvwm/calibration/feepe/feature_matching_eval_hallucination/data/query/low/1_Use the right hand to pick up orange juice carton from center of pink plate to center of green bowl./frame_0069.png,low,1
1_Use the right hand to pick up orange juice carton from center of pink plate to center of green bowl.,/mnt/data/sftp/data/quangpt3/gcvwm/calibration/feepe/feature_matching_eval_hallucination/data/query/low/1_Use the right hand to pick up orange juice carton from center of pink plate to center of green bowl./frame_0071.png,low,1
1_Use the right hand to pick up orange juice carton from center of pink plate to center of green bowl.,/mnt/data/sftp/data/quangpt3/gcvwm/calibration/feepe/feature_matching_eval_hallucination/data/query/low/1_Use the right hand to pick up orange juice carton from center of pink plate to center of green bowl./frame_0073.png,low,1
1_Use the right hand to pick up orange juice carton from center of pink plate to center of green bowl.,/mnt/data/sftp/data/quangpt3/gcvwm/calibration/feepe/feature_matching_eval_hallucination/data/query/low/1_Use the right hand to pick up orange juice carton from center of pink plate to center of green bowl./frame_0075.png,low,1
1_Use the right hand to pick up orange juice carton from center of pink plate to center of green bowl.,/mnt/data/sftp/data/quangpt3/gcvwm/calibration/feepe/feature_matching_eval_hallucination/data/query/low/1_Use the right hand to pick up orange juice carton from center of pink plate to center of green bowl./frame_0076.png,low,1
1_Use the right hand to pick up orange juice carton from center of pink plate to center of green bowl.,/mnt/data/sftp/data/quangpt3/gcvwm/calibration/feepe/feature_matching_eval_hallucination/data/query/low/1_Use the right hand to pick up orange juice carton from center of pink plate to center of green bowl./frame_0078.png,low,1
1_Use the right hand to pick up orange juice carton from center of pink plate to center of green bowl.,/mnt/data/sftp/data/quangpt3/gcvwm/calibration/feepe/feature_matching_eval_hallucination/data/query/low/1_Use the right hand to pick up orange juice carton from center of pink plate to center of green bowl./frame_0080.png,low,1
1_Use the right hand to pick up orange juice carton from center of pink plate to center of green bowl.,/mnt/data/sftp/data/quangpt3/gcvwm/calibration/feepe/feature_matching_eval_hallucination/data/query/low/1_Use the right hand to pick up orange juice carton from center of pink plate to center of green bowl./frame_0082.png,low,1
1_Use the right hand to pick up orange juice carton from center of pink plate to center of green bowl.,/mnt/data/sftp/data/quangpt3/gcvwm/calibration/feepe/feature_matching_eval_hallucination/data/query/low/1_Use the right hand to pick up orange juice carton from center of pink plate to center of green bowl./frame_0084.png,low,1
1_Use the right hand to pick up orange juice carton from center of pink plate to center of green bowl.,/mnt/data/sftp/data/quangpt3/gcvwm/calibration/feepe/feature_matching_eval_hallucination/data/query/low/1_Use the right hand to pick up orange juice carton from center of pink plate to center of green bowl./frame_0086.png,low,1
1_Use the right hand to pick up orange juice carton from center of pink plate to center of green bowl.,/mnt/data/sftp/data/quangpt3/gcvwm/calibration/feepe/feature_matching_eval_hallucination/data/query/low/1_Use the right hand to pick up orange juice carton from center of pink plate to center of green bowl./frame_0088.png,low,1
1_Use the right hand to pick up orange juice carton from center of pink plate to center of green bowl.,/mnt/data/sftp/data/quangpt3/gcvwm/calibration/feepe/feature_matching_eval_hallucination/data/query/low/1_Use the right hand to pick up orange juice carton from center of pink plate to center of green bowl./frame_0090.png,low,1
1_Use the right hand to pick up orange juice carton from center of pink plate to center of green bowl.,/mnt/data/sftp/data/quangpt3/gcvwm/calibration/feepe/feature_matching_eval_hallucination/data/query/low/1_Use the right hand to pick up orange juice carton from center of pink plate to center of green bowl./frame_0092.png,low,1
20_Use the right hand to pick up pink peach from center of white table to bottom level of the shelf.,/mnt/data/sftp/data/quangpt3/gcvwm/calibration/feepe/feature_matching_eval_hallucination/data/query/low/20_Use the right hand to pick up pink peach from center of white table to bottom level of the shelf./frame_0000.png,low,1
20_Use the right hand to pick up pink peach from center of white table to bottom level of the shelf.,/mnt/data/sftp/data/quangpt3/gcvwm/calibration/feepe/feature_matching_eval_hallucination/data/query/low/20_Use the right hand to pick up pink peach from center of white table to bottom level of the shelf./frame_0001.png,low,1
20_Use the right hand to pick up pink peach from center of white table to bottom level of the shelf.,/mnt/data/sftp/data/quangpt3/gcvwm/calibration/feepe/feature_matching_eval_hallucination/data/query/low/20_Use the right hand to pick up pink peach from center of white table to bottom level of the shelf./frame_0002.png,low,1
20_Use the right hand to pick up pink peach from center of white table to bottom level of the shelf.,/mnt/data/sftp/data/quangpt3/gcvwm/calibration/feepe/feature_matching_eval_hallucination/data/query/low/20_Use the right hand to pick up pink peach from center of white table to bottom level of the shelf./frame_0003.png,low,1
20_Use the right hand to pick up pink peach from center of white table to bottom level of the shelf.,/mnt/data/sftp/data/quangpt3/gcvwm/calibration/feepe/feature_matching_eval_hallucination/data/query/low/20_Use the right hand to pick up pink peach from center of white table to bottom level of the shelf./frame_0004.png,low,1
20_Use the right hand to pick up pink peach from center of white table to bottom level of the shelf.,/mnt/data/sftp/data/quangpt3/gcvwm/calibration/feepe/feature_matching_eval_hallucination/data/query/low/20_Use the right hand to pick up pink peach from center of white table to bottom level of the shelf./frame_0005.png,low,1
20_Use the right hand to pick up pink peach from center of white table to bottom level of the shelf.,/mnt/data/sftp/data/quangpt3/gcvwm/calibration/feepe/feature_matching_eval_hallucination/data/query/low/20_Use the right hand to pick up pink peach from center of white table to bottom level of the shelf./frame_0006.png,low,1
20_Use the right hand to pick up pink peach from center of white table to bottom level of the shelf.,/mnt/data/sftp/data/quangpt3/gcvwm/calibration/feepe/feature_matching_eval_hallucination/data/query/low/20_Use the right hand to pick up pink peach from center of white table to bottom level of the shelf./frame_0007.png,low,1
20_Use the right hand to pick up pink peach from center of white table to bottom level of the shelf.,/mnt/data/sftp/data/quangpt3/gcvwm/calibration/feepe/feature_matching_eval_hallucination/data/query/low/20_Use the right hand to pick up pink peach from center of white table to bottom level of the shelf./frame_0009.png,low,1
20_Use the right hand to pick up pink peach from center of white table to bottom level of the shelf.,/mnt/data/sftp/data/quangpt3/gcvwm/calibration/feepe/feature_matching_eval_hallucination/data/query/low/20_Use the right hand to pick up pink peach from center of white table to bottom level of the shelf./frame_0011.png,low,1
20_Use the right hand to pick up pink peach from center of white table to bottom level of the shelf.,/mnt/data/sftp/data/quangpt3/gcvwm/calibration/feepe/feature_matching_eval_hallucination/data/query/low/20_Use the right hand to pick up pink peach from center of white table to bottom level of the shelf./frame_0013.png,low,1
20_Use the right hand to pick up pink peach from center of white table to bottom level of the shelf.,/mnt/data/sftp/data/quangpt3/gcvwm/calibration/feepe/feature_matching_eval_hallucination/data/query/low/20_Use the right hand to pick up pink peach from center of white table to bottom level of the shelf./frame_0015.png,low,1
20_Use the right hand to pick up pink peach from center of white table to bottom level of the shelf.,/mnt/data/sftp/data/quangpt3/gcvwm/calibration/feepe/feature_matching_eval_hallucination/data/query/low/20_Use the right hand to pick up pink peach from center of white table to bottom level of the shelf./frame_0016.png,low,1
20_Use the right hand to pick up pink peach from center of white table to bottom level of the shelf.,/mnt/data/sftp/data/quangpt3/gcvwm/calibration/feepe/feature_matching_eval_hallucination/data/query/low/20_Use the right hand to pick up pink peach from center of white table to bottom level of the shelf./frame_0018.png,low,1
20_Use the right hand to pick up pink peach from center of white table to bottom level of the shelf.,/mnt/data/sftp/data/quangpt3/gcvwm/calibration/feepe/feature_matching_eval_hallucination/data/query/low/20_Use the right hand to pick up pink peach from center of white table to bottom level of the shelf./frame_0020.png,low,1
20_Use the right hand to pick up pink peach from center of white table to bottom level of the shelf.,/mnt/data/sftp/data/quangpt3/gcvwm/calibration/feepe/feature_matching_eval_hallucination/data/query/low/20_Use the right hand to pick up pink peach from center of white table to bottom level of the shelf./frame_0022.png,low,1
20_Use the right hand to pick up pink peach from center of white table to bottom level of the shelf.,/mnt/data/sftp/data/quangpt3/gcvwm/calibration/feepe/feature_matching_eval_hallucination/data/query/low/20_Use the right hand to pick up pink peach from center of white table to bottom level of the shelf./frame_0024.png,low,1
20_Use the right hand to pick up pink peach from center of white table to bottom level of the shelf.,/mnt/data/sftp/data/quangpt3/gcvwm/calibration/feepe/feature_matching_eval_hallucination/data/query/low/20_Use the right hand to pick up pink peach from center of white table to bottom level of the shelf./frame_0026.png,low,1
20_Use the right hand to pick up pink peach from center of white table to bottom level of the shelf.,/mnt/data/sftp/data/quangpt3/gcvwm/calibration/feepe/feature_matching_eval_hallucination/data/query/low/20_Use the right hand to pick up pink peach from center of white table to bottom level of the shelf./frame_0028.png,low,1
20_Use the right hand to pick up pink peach from center of white table to bottom level of the shelf.,/mnt/data/sftp/data/quangpt3/gcvwm/calibration/feepe/feature_matching_eval_hallucination/data/query/low/20_Use the right hand to pick up pink peach from center of white table to bottom level of the shelf./frame_0030.png,low,1
20_Use the right hand to pick up pink peach from center of white table to bottom level of the shelf.,/mnt/data/sftp/data/quangpt3/gcvwm/calibration/feepe/feature_matching_eval_hallucination/data/query/low/20_Use the right hand to pick up pink peach from center of white table to bottom level of the shelf./frame_0031.png,low,1
20_Use the right hand to pick up pink peach from center of white table to bottom level of the shelf.,/mnt/data/sftp/data/quangpt3/gcvwm/calibration/feepe/feature_matching_eval_hallucination/data/query/low/20_Use the right hand to pick up pink peach from center of white table to bottom level of the shelf./frame_0033.png,low,1
20_Use the right hand to pick up pink peach from center of white table to bottom level of the shelf.,/mnt/data/sftp/data/quangpt3/gcvwm/calibration/feepe/feature_matching_eval_hallucination/data/query/low/20_Use the right hand to pick up pink peach from center of white table to bottom level of the shelf./frame_0035.png,low,1
20_Use the right hand to pick up pink peach from center of white table to bottom level of the shelf.,/mnt/data/sftp/data/quangpt3/gcvwm/calibration/feepe/feature_matching_eval_hallucination/data/query/low/20_Use the right hand to pick up pink peach from center of white table to bottom level of the shelf./frame_0037.png,low,1
20_Use the right hand to pick up pink peach from center of white table to bottom level of the shelf.,/mnt/data/sftp/data/quangpt3/gcvwm/calibration/feepe/feature_matching_eval_hallucination/data/query/low/20_Use the right hand to pick up pink peach from center of white table to bottom level of the shelf./frame_0039.png,low,1
20_Use the right hand to pick up pink peach from center of white table to bottom level of the shelf.,/mnt/data/sftp/data/quangpt3/gcvwm/calibration/feepe/feature_matching_eval_hallucination/data/query/low/20_Use the right hand to pick up pink peach from center of white table to bottom level of the shelf./frame_0041.png,low,1
20_Use the right hand to pick up pink peach from center of white table to bottom level of the shelf.,/mnt/data/sftp/data/quangpt3/gcvwm/calibration/feepe/feature_matching_eval_hallucination/data/query/low/20_Use the right hand to pick up pink peach from center of white table to bottom level of the shelf./frame_0043.png,low,1
20_Use the right hand to pick up pink peach from center of white table to bottom level of the shelf.,/mnt/data/sftp/data/quangpt3/gcvwm/calibration/feepe/feature_matching_eval_hallucination/data/query/low/20_Use the right hand to pick up pink peach from center of white table to bottom level of the shelf./frame_0045.png,low,1
20_Use the right hand to pick up pink peach from center of white table to bottom level of the shelf.,/mnt/data/sftp/data/quangpt3/gcvwm/calibration/feepe/feature_matching_eval_hallucination/data/query/low/20_Use the right hand to pick up pink peach from center of white table to bottom level of the shelf./frame_0046.png,low,1
20_Use the right hand to pick up pink peach from center of white table to bottom level of the shelf.,/mnt/data/sftp/data/quangpt3/gcvwm/calibration/feepe/feature_matching_eval_hallucination/data/query/low/20_Use the right hand to pick up pink peach from center of white table to bottom level of the shelf./frame_0048.png,low,1
20_Use the right hand to pick up pink peach from center of white table to bottom level of the shelf.,/mnt/data/sftp/data/quangpt3/gcvwm/calibration/feepe/feature_matching_eval_hallucination/data/query/low/20_Use the right hand to pick up pink peach from center of white table to bottom level of the shelf./frame_0050.png,low,1
20_Use the right hand to pick up pink peach from center of white table to bottom level of the shelf.,/mnt/data/sftp/data/quangpt3/gcvwm/calibration/feepe/feature_matching_eval_hallucination/data/query/low/20_Use the right hand to pick up pink peach from center of white table to bottom level of the shelf./frame_0052.png,low,1
20_Use the right hand to pick up pink peach from center of white table to bottom level of the shelf.,/mnt/data/sftp/data/quangpt3/gcvwm/calibration/feepe/feature_matching_eval_hallucination/data/query/low/20_Use the right hand to pick up pink peach from center of white table to bottom level of the shelf./frame_0054.png,low,1
20_Use the right hand to pick up pink peach from center of white table to bottom level of the shelf.,/mnt/data/sftp/data/quangpt3/gcvwm/calibration/feepe/feature_matching_eval_hallucination/data/query/low/20_Use the right hand to pick up pink peach from center of white table to bottom level of the shelf./frame_0056.png,low,1
20_Use the right hand to pick up pink peach from center of white table to bottom level of the shelf.,/mnt/data/sftp/data/quangpt3/gcvwm/calibration/feepe/feature_matching_eval_hallucination/data/query/low/20_Use the right hand to pick up pink peach from center of white table to bottom level of the shelf./frame_0058.png,low,1
20_Use the right hand to pick up pink peach from center of white table to bottom level of the shelf.,/mnt/data/sftp/data/quangpt3/gcvwm/calibration/feepe/feature_matching_eval_hallucination/data/query/low/20_Use the right hand to pick up pink peach from center of white table to bottom level of the shelf./frame_0060.png,low,1
20_Use the right hand to pick up pink peach from center of white table to bottom level of the shelf.,/mnt/data/sftp/data/quangpt3/gcvwm/calibration/feepe/feature_matching_eval_hallucination/data/query/low/20_Use the right hand to pick up pink peach from center of white table to bottom level of the shelf./frame_0061.png,low,1
20_Use the right hand to pick up pink peach from center of white table to bottom level of the shelf.,/mnt/data/sftp/data/quangpt3/gcvwm/calibration/feepe/feature_matching_eval_hallucination/data/query/low/20_Use the right hand to pick up pink peach from center of white table to bottom level of the shelf./frame_0063.png,low,1
20_Use the right hand to pick up pink peach from center of white table to bottom level of the shelf.,/mnt/data/sftp/data/quangpt3/gcvwm/calibration/feepe/feature_matching_eval_hallucination/data/query/low/20_Use the right hand to pick up pink peach from center of white table to bottom level of the shelf./frame_0065.png,low,1
20_Use the right hand to pick up pink peach from center of white table to bottom level of the shelf.,/mnt/data/sftp/data/quangpt3/gcvwm/calibration/feepe/feature_matching_eval_hallucination/data/query/low/20_Use the right hand to pick up pink peach from center of white table to bottom level of the shelf./frame_0067.png,low,1
20_Use the right hand to pick up pink peach from center of white table to bottom level of the shelf.,/mnt/data/sftp/data/quangpt3/gcvwm/calibration/feepe/feature_matching_eval_hallucination/data/query/low/20_Use the right hand to pick up pink peach from center of white table to bottom level of the shelf./frame_0069.png,low,1
20_Use the right hand to pick up pink peach from center of white table to bottom level of the shelf.,/mnt/data/sftp/data/quangpt3/gcvwm/calibration/feepe/feature_matching_eval_hallucination/data/query/low/20_Use the right hand to pick up pink peach from center of white table to bottom level of the shelf./frame_0071.png,low,1
20_Use the right hand to pick up pink peach from center of white table to bottom level of the shelf.,/mnt/data/sftp/data/quangpt3/gcvwm/calibration/feepe/feature_matching_eval_hallucination/data/query/low/20_Use the right hand to pick up pink peach from center of white table to bottom level of the shelf./frame_0073.png,low,1
20_Use the right hand to pick up pink peach from center of white table to bottom level of the shelf.,/mnt/data/sftp/data/quangpt3/gcvwm/calibration/feepe/feature_matching_eval_hallucination/data/query/low/20_Use the right hand to pick up pink peach from center of white table to bottom level of the shelf./frame_0075.png,low,1
20_Use the right hand to pick up pink peach from center of white table to bottom level of the shelf.,/mnt/data/sftp/data/quangpt3/gcvwm/calibration/feepe/feature_matching_eval_hallucination/data/query/low/20_Use the right hand to pick up pink peach from center of white table to bottom level of the shelf./frame_0076.png,low,1
20_Use the right hand to pick up pink peach from center of white table to bottom level of the shelf.,/mnt/data/sftp/data/quangpt3/gcvwm/calibration/feepe/feature_matching_eval_hallucination/data/query/low/20_Use the right hand to pick up pink peach from center of white table to bottom level of the shelf./frame_0078.png,low,1
20_Use the right hand to pick up pink peach from center of white table to bottom level of the shelf.,/mnt/data/sftp/data/quangpt3/gcvwm/calibration/feepe/feature_matching_eval_hallucination/data/query/low/20_Use the right hand to pick up pink peach from center of white table to bottom level of the shelf./frame_0080.png,low,1
20_Use the right hand to pick up pink peach from center of white table to bottom level of the shelf.,/mnt/data/sftp/data/quangpt3/gcvwm/calibration/feepe/feature_matching_eval_hallucination/data/query/low/20_Use the right hand to pick up pink peach from center of white table to bottom level of the shelf./frame_0082.png,low,1
20_Use the right hand to pick up pink peach from center of white table to bottom level of the shelf.,/mnt/data/sftp/data/quangpt3/gcvwm/calibration/feepe/feature_matching_eval_hallucination/data/query/low/20_Use the right hand to pick up pink peach from center of white table to bottom level of the shelf./frame_0084.png,low,1
20_Use the right hand to pick up pink peach from center of white table to bottom level of the shelf.,/mnt/data/sftp/data/quangpt3/gcvwm/calibration/feepe/feature_matching_eval_hallucination/data/query/low/20_Use the right hand to pick up pink peach from center of white table to bottom level of the shelf./frame_0086.png,low,1
20_Use the right hand to pick up pink peach from center of white table to bottom level of the shelf.,/mnt/data/sftp/data/quangpt3/gcvwm/calibration/feepe/feature_matching_eval_hallucination/data/query/low/20_Use the right hand to pick up pink peach from center of white table to bottom level of the shelf./frame_0088.png,low,1
20_Use the right hand to pick up pink peach from center of white table to bottom level of the shelf.,/mnt/data/sftp/data/quangpt3/gcvwm/calibration/feepe/feature_matching_eval_hallucination/data/query/low/20_Use the right hand to pick up pink peach from center of white table to bottom level of the shelf./frame_0090.png,low,1
20_Use the right hand to pick up pink peach from center of white table to bottom level of the shelf.,/mnt/data/sftp/data/quangpt3/gcvwm/calibration/feepe/feature_matching_eval_hallucination/data/query/low/20_Use the right hand to pick up pink peach from center of white table to bottom level of the shelf./frame_0092.png,low,1
28_Use the right hand to pick up the wooden spoon and perform a scooping motion between the two bowls,/mnt/data/sftp/data/quangpt3/gcvwm/calibration/feepe/feature_matching_eval_hallucination/data/query/low/28_Use the right hand to pick up the wooden spoon and perform a scooping motion between the two bowls/frame_0000.png,low,1
28_Use the right hand to pick up the wooden spoon and perform a scooping motion between the two bowls,/mnt/data/sftp/data/quangpt3/gcvwm/calibration/feepe/feature_matching_eval_hallucination/data/query/low/28_Use the right hand to pick up the wooden spoon and perform a scooping motion between the two bowls/frame_0001.png,low,1
28_Use the right hand to pick up the wooden spoon and perform a scooping motion between the two bowls,/mnt/data/sftp/data/quangpt3/gcvwm/calibration/feepe/feature_matching_eval_hallucination/data/query/low/28_Use the right hand to pick up the wooden spoon and perform a scooping motion between the two bowls/frame_0002.png,low,1
28_Use the right hand to pick up the wooden spoon and perform a scooping motion between the two bowls,/mnt/data/sftp/data/quangpt3/gcvwm/calibration/feepe/feature_matching_eval_hallucination/data/query/low/28_Use the right hand to pick up the wooden spoon and perform a scooping motion between the two bowls/frame_0003.png,low,1
28_Use the right hand to pick up the wooden spoon and perform a scooping motion between the two bowls,/mnt/data/sftp/data/quangpt3/gcvwm/calibration/feepe/feature_matching_eval_hallucination/data/query/low/28_Use the right hand to pick up the wooden spoon and perform a scooping motion between the two bowls/frame_0004.png,low,1
28_Use the right hand to pick up the wooden spoon and perform a scooping motion between the two bowls,/mnt/data/sftp/data/quangpt3/gcvwm/calibration/feepe/feature_matching_eval_hallucination/data/query/low/28_Use the right hand to pick up the wooden spoon and perform a scooping motion between the two bowls/frame_0005.png,low,1
28_Use the right hand to pick up the wooden spoon and perform a scooping motion between the two bowls,/mnt/data/sftp/data/quangpt3/gcvwm/calibration/feepe/feature_matching_eval_hallucination/data/query/low/28_Use the right hand to pick up the wooden spoon and perform a scooping motion between the two bowls/frame_0006.png,low,1
28_Use the right hand to pick up the wooden spoon and perform a scooping motion between the two bowls,/mnt/data/sftp/data/quangpt3/gcvwm/calibration/feepe/feature_matching_eval_hallucination/data/query/low/28_Use the right hand to pick up the wooden spoon and perform a scooping motion between the two bowls/frame_0007.png,low,1
28_Use the right hand to pick up the wooden spoon and perform a scooping motion between the two bowls,/mnt/data/sftp/data/quangpt3/gcvwm/calibration/feepe/feature_matching_eval_hallucination/data/query/low/28_Use the right hand to pick up the wooden spoon and perform a scooping motion between the two bowls/frame_0009.png,low,1
28_Use the right hand to pick up the wooden spoon and perform a scooping motion between the two bowls,/mnt/data/sftp/data/quangpt3/gcvwm/calibration/feepe/feature_matching_eval_hallucination/data/query/low/28_Use the right hand to pick up the wooden spoon and perform a scooping motion between the two bowls/frame_0011.png,low,1
28_Use the right hand to pick up the wooden spoon and perform a scooping motion between the two bowls,/mnt/data/sftp/data/quangpt3/gcvwm/calibration/feepe/feature_matching_eval_hallucination/data/query/low/28_Use the right hand to pick up the wooden spoon and perform a scooping motion between the two bowls/frame_0013.png,low,1
28_Use the right hand to pick up the wooden spoon and perform a scooping motion between the two bowls,/mnt/data/sftp/data/quangpt3/gcvwm/calibration/feepe/feature_matching_eval_hallucination/data/query/low/28_Use the right hand to pick up the wooden spoon and perform a scooping motion between the two bowls/frame_0015.png,low,1
28_Use the right hand to pick up the wooden spoon and perform a scooping motion between the two bowls,/mnt/data/sftp/data/quangpt3/gcvwm/calibration/feepe/feature_matching_eval_hallucination/data/query/low/28_Use the right hand to pick up the wooden spoon and perform a scooping motion between the two bowls/frame_0016.png,low,1
28_Use the right hand to pick up the wooden spoon and perform a scooping motion between the two bowls,/mnt/data/sftp/data/quangpt3/gcvwm/calibration/feepe/feature_matching_eval_hallucination/data/query/low/28_Use the right hand to pick up the wooden spoon and perform a scooping motion between the two bowls/frame_0018.png,low,1
28_Use the right hand to pick up the wooden spoon and perform a scooping motion between the two bowls,/mnt/data/sftp/data/quangpt3/gcvwm/calibration/feepe/feature_matching_eval_hallucination/data/query/low/28_Use the right hand to pick up the wooden spoon and perform a scooping motion between the two bowls/frame_0020.png,low,1
28_Use the right hand to pick up the wooden spoon and perform a scooping motion between the two bowls,/mnt/data/sftp/data/quangpt3/gcvwm/calibration/feepe/feature_matching_eval_hallucination/data/query/low/28_Use the right hand to pick up the wooden spoon and perform a scooping motion between the two bowls/frame_0022.png,low,1
28_Use the right hand to pick up the wooden spoon and perform a scooping motion between the two bowls,/mnt/data/sftp/data/quangpt3/gcvwm/calibration/feepe/feature_matching_eval_hallucination/data/query/low/28_Use the right hand to pick up the wooden spoon and perform a scooping motion between the two bowls/frame_0024.png,low,1
28_Use the right hand to pick up the wooden spoon and perform a scooping motion between the two bowls,/mnt/data/sftp/data/quangpt3/gcvwm/calibration/feepe/feature_matching_eval_hallucination/data/query/low/28_Use the right hand to pick up the wooden spoon and perform a scooping motion between the two bowls/frame_0026.png,low,1
28_Use the right hand to pick up the wooden spoon and perform a scooping motion between the two bowls,/mnt/data/sftp/data/quangpt3/gcvwm/calibration/feepe/feature_matching_eval_hallucination/data/query/low/28_Use the right hand to pick up the wooden spoon and perform a scooping motion between the two bowls/frame_0028.png,low,1
28_Use the right hand to pick up the wooden spoon and perform a scooping motion between the two bowls,/mnt/data/sftp/data/quangpt3/gcvwm/calibration/feepe/feature_matching_eval_hallucination/data/query/low/28_Use the right hand to pick up the wooden spoon and perform a scooping motion between the two bowls/frame_0030.png,low,1
28_Use the right hand to pick up the wooden spoon and perform a scooping motion between the two bowls,/mnt/data/sftp/data/quangpt3/gcvwm/calibration/feepe/feature_matching_eval_hallucination/data/query/low/28_Use the right hand to pick up the wooden spoon and perform a scooping motion between the two bowls/frame_0031.png,low,1
28_Use the right hand to pick up the wooden spoon and perform a scooping motion between the two bowls,/mnt/data/sftp/data/quangpt3/gcvwm/calibration/feepe/feature_matching_eval_hallucination/data/query/low/28_Use the right hand to pick up the wooden spoon and perform a scooping motion between the two bowls/frame_0033.png,low,1
28_Use the right hand to pick up the wooden spoon and perform a scooping motion between the two bowls,/mnt/data/sftp/data/quangpt3/gcvwm/calibration/feepe/feature_matching_eval_hallucination/data/query/low/28_Use the right hand to pick up the wooden spoon and perform a scooping motion between the two bowls/frame_0035.png,low,1
28_Use the right hand to pick up the wooden spoon and perform a scooping motion between the two bowls,/mnt/data/sftp/data/quangpt3/gcvwm/calibration/feepe/feature_matching_eval_hallucination/data/query/low/28_Use the right hand to pick up the wooden spoon and perform a scooping motion between the two bowls/frame_0037.png,low,1
28_Use the right hand to pick up the wooden spoon and perform a scooping motion between the two bowls,/mnt/data/sftp/data/quangpt3/gcvwm/calibration/feepe/feature_matching_eval_hallucination/data/query/low/28_Use the right hand to pick up the wooden spoon and perform a scooping motion between the two bowls/frame_0039.png,low,1
28_Use the right hand to pick up the wooden spoon and perform a scooping motion between the two bowls,/mnt/data/sftp/data/quangpt3/gcvwm/calibration/feepe/feature_matching_eval_hallucination/data/query/low/28_Use the right hand to pick up the wooden spoon and perform a scooping motion between the two bowls/frame_0041.png,low,1
28_Use the right hand to pick up the wooden spoon and perform a scooping motion between the two bowls,/mnt/data/sftp/data/quangpt3/gcvwm/calibration/feepe/feature_matching_eval_hallucination/data/query/low/28_Use the right hand to pick up the wooden spoon and perform a scooping motion between the two bowls/frame_0043.png,low,1
28_Use the right hand to pick up the wooden spoon and perform a scooping motion between the two bowls,/mnt/data/sftp/data/quangpt3/gcvwm/calibration/feepe/feature_matching_eval_hallucination/data/query/low/28_Use the right hand to pick up the wooden spoon and perform a scooping motion between the two bowls/frame_0045.png,low,1
28_Use the right hand to pick up the wooden spoon and perform a scooping motion between the two bowls,/mnt/data/sftp/data/quangpt3/gcvwm/calibration/feepe/feature_matching_eval_hallucination/data/query/low/28_Use the right hand to pick up the wooden spoon and perform a scooping motion between the two bowls/frame_0046.png,low,1
28_Use the right hand to pick up the wooden spoon and perform a scooping motion between the two bowls,/mnt/data/sftp/data/quangpt3/gcvwm/calibration/feepe/feature_matching_eval_hallucination/data/query/low/28_Use the right hand to pick up the wooden spoon and perform a scooping motion between the two bowls/frame_0048.png,low,1
28_Use the right hand to pick up the wooden spoon and perform a scooping motion between the two bowls,/mnt/data/sftp/data/quangpt3/gcvwm/calibration/feepe/feature_matching_eval_hallucination/data/query/low/28_Use the right hand to pick up the wooden spoon and perform a scooping motion between the two bowls/frame_0050.png,low,1
28_Use the right hand to pick up the wooden spoon and perform a scooping motion between the two bowls,/mnt/data/sftp/data/quangpt3/gcvwm/calibration/feepe/feature_matching_eval_hallucination/data/query/low/28_Use the right hand to pick up the wooden spoon and perform a scooping motion between the two bowls/frame_0052.png,low,1
28_Use the right hand to pick up the wooden spoon and perform a scooping motion between the two bowls,/mnt/data/sftp/data/quangpt3/gcvwm/calibration/feepe/feature_matching_eval_hallucination/data/query/low/28_Use the right hand to pick up the wooden spoon and perform a scooping motion between the two bowls/frame_0054.png,low,1
28_Use the right hand to pick up the wooden spoon and perform a scooping motion between the two bowls,/mnt/data/sftp/data/quangpt3/gcvwm/calibration/feepe/feature_matching_eval_hallucination/data/query/low/28_Use the right hand to pick up the wooden spoon and perform a scooping motion between the two bowls/frame_0056.png,low,1
28_Use the right hand to pick up the wooden spoon and perform a scooping motion between the two bowls,/mnt/data/sftp/data/quangpt3/gcvwm/calibration/feepe/feature_matching_eval_hallucination/data/query/low/28_Use the right hand to pick up the wooden spoon and perform a scooping motion between the two bowls/frame_0058.png,low,1
28_Use the right hand to pick up the wooden spoon and perform a scooping motion between the two bowls,/mnt/data/sftp/data/quangpt3/gcvwm/calibration/feepe/feature_matching_eval_hallucination/data/query/low/28_Use the right hand to pick up the wooden spoon and perform a scooping motion between the two bowls/frame_0060.png,low,1
28_Use the right hand to pick up the wooden spoon and perform a scooping motion between the two bowls,/mnt/data/sftp/data/quangpt3/gcvwm/calibration/feepe/feature_matching_eval_hallucination/data/query/low/28_Use the right hand to pick up the wooden spoon and perform a scooping motion between the two bowls/frame_0061.png,low,1
28_Use the right hand to pick up the wooden spoon and perform a scooping motion between the two bowls,/mnt/data/sftp/data/quangpt3/gcvwm/calibration/feepe/feature_matching_eval_hallucination/data/query/low/28_Use the right hand to pick up the wooden spoon and perform a scooping motion between the two bowls/frame_0063.png,low,1
28_Use the right hand to pick up the wooden spoon and perform a scooping motion between the two bowls,/mnt/data/sftp/data/quangpt3/gcvwm/calibration/feepe/feature_matching_eval_hallucination/data/query/low/28_Use the right hand to pick up the wooden spoon and perform a scooping motion between the two bowls/frame_0065.png,low,1
28_Use the right hand to pick up the wooden spoon and perform a scooping motion between the two bowls,/mnt/data/sftp/data/quangpt3/gcvwm/calibration/feepe/feature_matching_eval_hallucination/data/query/low/28_Use the right hand to pick up the wooden spoon and perform a scooping motion between the two bowls/frame_0067.png,low,1
28_Use the right hand to pick up the wooden spoon and perform a scooping motion between the two bowls,/mnt/data/sftp/data/quangpt3/gcvwm/calibration/feepe/feature_matching_eval_hallucination/data/query/low/28_Use the right hand to pick up the wooden spoon and perform a scooping motion between the two bowls/frame_0069.png,low,1
28_Use the right hand to pick up the wooden spoon and perform a scooping motion between the two bowls,/mnt/data/sftp/data/quangpt3/gcvwm/calibration/feepe/feature_matching_eval_hallucination/data/query/low/28_Use the right hand to pick up the wooden spoon and perform a scooping motion between the two bowls/frame_0071.png,low,1
28_Use the right hand to pick up the wooden spoon and perform a scooping motion between the two bowls,/mnt/data/sftp/data/quangpt3/gcvwm/calibration/feepe/feature_matching_eval_hallucination/data/query/low/28_Use the right hand to pick up the wooden spoon and perform a scooping motion between the two bowls/frame_0073.png,low,1
28_Use the right hand to pick up the wooden spoon and perform a scooping motion between the two bowls,/mnt/data/sftp/data/quangpt3/gcvwm/calibration/feepe/feature_matching_eval_hallucination/data/query/low/28_Use the right hand to pick up the wooden spoon and perform a scooping motion between the two bowls/frame_0075.png,low,1
28_Use the right hand to pick up the wooden spoon and perform a scooping motion between the two bowls,/mnt/data/sftp/data/quangpt3/gcvwm/calibration/feepe/feature_matching_eval_hallucination/data/query/low/28_Use the right hand to pick up the wooden spoon and perform a scooping motion between the two bowls/frame_0076.png,low,1
28_Use the right hand to pick up the wooden spoon and perform a scooping motion between the two bowls,/mnt/data/sftp/data/quangpt3/gcvwm/calibration/feepe/feature_matching_eval_hallucination/data/query/low/28_Use the right hand to pick up the wooden spoon and perform a scooping motion between the two bowls/frame_0078.png,low,1
28_Use the right hand to pick up the wooden spoon and perform a scooping motion between the two bowls,/mnt/data/sftp/data/quangpt3/gcvwm/calibration/feepe/feature_matching_eval_hallucination/data/query/low/28_Use the right hand to pick up the wooden spoon and perform a scooping motion between the two bowls/frame_0080.png,low,1
28_Use the right hand to pick up the wooden spoon and perform a scooping motion between the two bowls,/mnt/data/sftp/data/quangpt3/gcvwm/calibration/feepe/feature_matching_eval_hallucination/data/query/low/28_Use the right hand to pick up the wooden spoon and perform a scooping motion between the two bowls/frame_0082.png,low,1
28_Use the right hand to pick up the wooden spoon and perform a scooping motion between the two bowls,/mnt/data/sftp/data/quangpt3/gcvwm/calibration/feepe/feature_matching_eval_hallucination/data/query/low/28_Use the right hand to pick up the wooden spoon and perform a scooping motion between the two bowls/frame_0084.png,low,1
28_Use the right hand to pick up the wooden spoon and perform a scooping motion between the two bowls,/mnt/data/sftp/data/quangpt3/gcvwm/calibration/feepe/feature_matching_eval_hallucination/data/query/low/28_Use the right hand to pick up the wooden spoon and perform a scooping motion between the two bowls/frame_0086.png,low,1
28_Use the right hand to pick up the wooden spoon and perform a scooping motion between the two bowls,/mnt/data/sftp/data/quangpt3/gcvwm/calibration/feepe/feature_matching_eval_hallucination/data/query/low/28_Use the right hand to pick up the wooden spoon and perform a scooping motion between the two bowls/frame_0088.png,low,1
28_Use the right hand to pick up the wooden spoon and perform a scooping motion between the two bowls,/mnt/data/sftp/data/quangpt3/gcvwm/calibration/feepe/feature_matching_eval_hallucination/data/query/low/28_Use the right hand to pick up the wooden spoon and perform a scooping motion between the two bowls/frame_0090.png,low,1
28_Use the right hand to pick up the wooden spoon and perform a scooping motion between the two bowls,/mnt/data/sftp/data/quangpt3/gcvwm/calibration/feepe/feature_matching_eval_hallucination/data/query/low/28_Use the right hand to pick up the wooden spoon and perform a scooping motion between the two bowls/frame_0092.png,low,1
2_Use the right hand to close the black drawer,/mnt/data/sftp/data/quangpt3/gcvwm/calibration/feepe/feature_matching_eval_hallucination/data/query/low/2_Use the right hand to close the black drawer/frame_0000.png,low,1
2_Use the right hand to close the black drawer,/mnt/data/sftp/data/quangpt3/gcvwm/calibration/feepe/feature_matching_eval_hallucination/data/query/low/2_Use the right hand to close the black drawer/frame_0001.png,low,1
2_Use the right hand to close the black drawer,/mnt/data/sftp/data/quangpt3/gcvwm/calibration/feepe/feature_matching_eval_hallucination/data/query/low/2_Use the right hand to close the black drawer/frame_0002.png,low,1
2_Use the right hand to close the black drawer,/mnt/data/sftp/data/quangpt3/gcvwm/calibration/feepe/feature_matching_eval_hallucination/data/query/low/2_Use the right hand to close the black drawer/frame_0003.png,low,1
2_Use the right hand to close the black drawer,/mnt/data/sftp/data/quangpt3/gcvwm/calibration/feepe/feature_matching_eval_hallucination/data/query/low/2_Use the right hand to close the black drawer/frame_0004.png,low,1
2_Use the right hand to close the black drawer,/mnt/data/sftp/data/quangpt3/gcvwm/calibration/feepe/feature_matching_eval_hallucination/data/query/low/2_Use the right hand to close the black drawer/frame_0005.png,low,1
2_Use the right hand to close the black drawer,/mnt/data/sftp/data/quangpt3/gcvwm/calibration/feepe/feature_matching_eval_hallucination/data/query/low/2_Use the right hand to close the black drawer/frame_0006.png,low,1
2_Use the right hand to close the black drawer,/mnt/data/sftp/data/quangpt3/gcvwm/calibration/feepe/feature_matching_eval_hallucination/data/query/low/2_Use the right hand to close the black drawer/frame_0007.png,low,1
2_Use the right hand to close the black drawer,/mnt/data/sftp/data/quangpt3/gcvwm/calibration/feepe/feature_matching_eval_hallucination/data/query/low/2_Use the right hand to close the black drawer/frame_0009.png,low,1
2_Use the right hand to close the black drawer,/mnt/data/sftp/data/quangpt3/gcvwm/calibration/feepe/feature_matching_eval_hallucination/data/query/low/2_Use the right hand to close the black drawer/frame_0011.png,low,1
2_Use the right hand to close the black drawer,/mnt/data/sftp/data/quangpt3/gcvwm/calibration/feepe/feature_matching_eval_hallucination/data/query/low/2_Use the right hand to close the black drawer/frame_0013.png,low,1
2_Use the right hand to close the black drawer,/mnt/data/sftp/data/quangpt3/gcvwm/calibration/feepe/feature_matching_eval_hallucination/data/query/low/2_Use the right hand to close the black drawer/frame_0015.png,low,1
2_Use the right hand to close the black drawer,/mnt/data/sftp/data/quangpt3/gcvwm/calibration/feepe/feature_matching_eval_hallucination/data/query/low/2_Use the right hand to close the black drawer/frame_0016.png,low,1
2_Use the right hand to close the black drawer,/mnt/data/sftp/data/quangpt3/gcvwm/calibration/feepe/feature_matching_eval_hallucination/data/query/low/2_Use the right hand to close the black drawer/frame_0018.png,low,1
2_Use the right hand to close the black drawer,/mnt/data/sftp/data/quangpt3/gcvwm/calibration/feepe/feature_matching_eval_hallucination/data/query/low/2_Use the right hand to close the black drawer/frame_0020.png,low,1
2_Use the right hand to close the black drawer,/mnt/data/sftp/data/quangpt3/gcvwm/calibration/feepe/feature_matching_eval_hallucination/data/query/low/2_Use the right hand to close the black drawer/frame_0022.png,low,1
2_Use the right hand to close the black drawer,/mnt/data/sftp/data/quangpt3/gcvwm/calibration/feepe/feature_matching_eval_hallucination/data/query/low/2_Use the right hand to close the black drawer/frame_0024.png,low,1
2_Use the right hand to close the black drawer,/mnt/data/sftp/data/quangpt3/gcvwm/calibration/feepe/feature_matching_eval_hallucination/data/query/low/2_Use the right hand to close the black drawer/frame_0026.png,low,1
2_Use the right hand to close the black drawer,/mnt/data/sftp/data/quangpt3/gcvwm/calibration/feepe/feature_matching_eval_hallucination/data/query/low/2_Use the right hand to close the black drawer/frame_0028.png,low,1
2_Use the right hand to close the black drawer,/mnt/data/sftp/data/quangpt3/gcvwm/calibration/feepe/feature_matching_eval_hallucination/data/query/low/2_Use the right hand to close the black drawer/frame_0030.png,low,1
2_Use the right hand to close the black drawer,/mnt/data/sftp/data/quangpt3/gcvwm/calibration/feepe/feature_matching_eval_hallucination/data/query/low/2_Use the right hand to close the black drawer/frame_0031.png,low,1
2_Use the right hand to close the black drawer,/mnt/data/sftp/data/quangpt3/gcvwm/calibration/feepe/feature_matching_eval_hallucination/data/query/low/2_Use the right hand to close the black drawer/frame_0033.png,low,1
2_Use the right hand to close the black drawer,/mnt/data/sftp/data/quangpt3/gcvwm/calibration/feepe/feature_matching_eval_hallucination/data/query/low/2_Use the right hand to close the black drawer/frame_0035.png,low,1
2_Use the right hand to close the black drawer,/mnt/data/sftp/data/quangpt3/gcvwm/calibration/feepe/feature_matching_eval_hallucination/data/query/low/2_Use the right hand to close the black drawer/frame_0037.png,low,1
2_Use the right hand to close the black drawer,/mnt/data/sftp/data/quangpt3/gcvwm/calibration/feepe/feature_matching_eval_hallucination/data/query/low/2_Use the right hand to close the black drawer/frame_0039.png,low,1
2_Use the right hand to close the black drawer,/mnt/data/sftp/data/quangpt3/gcvwm/calibration/feepe/feature_matching_eval_hallucination/data/query/low/2_Use the right hand to close the black drawer/frame_0041.png,low,1
2_Use the right hand to close the black drawer,/mnt/data/sftp/data/quangpt3/gcvwm/calibration/feepe/feature_matching_eval_hallucination/data/query/low/2_Use the right hand to close the black drawer/frame_0043.png,low,1
2_Use the right hand to close the black drawer,/mnt/data/sftp/data/quangpt3/gcvwm/calibration/feepe/feature_matching_eval_hallucination/data/query/low/2_Use the right hand to close the black drawer/frame_0045.png,low,1
2_Use the right hand to close the black drawer,/mnt/data/sftp/data/quangpt3/gcvwm/calibration/feepe/feature_matching_eval_hallucination/data/query/low/2_Use the right hand to close the black drawer/frame_0046.png,low,1
2_Use the right hand to close the black drawer,/mnt/data/sftp/data/quangpt3/gcvwm/calibration/feepe/feature_matching_eval_hallucination/data/query/low/2_Use the right hand to close the black drawer/frame_0048.png,low,1
2_Use the right hand to close the black drawer,/mnt/data/sftp/data/quangpt3/gcvwm/calibration/feepe/feature_matching_eval_hallucination/data/query/low/2_Use the right hand to close the black drawer/frame_0050.png,low,1
2_Use the right hand to close the black drawer,/mnt/data/sftp/data/quangpt3/gcvwm/calibration/feepe/feature_matching_eval_hallucination/data/query/low/2_Use the right hand to close the black drawer/frame_0052.png,low,1
2_Use the right hand to close the black drawer,/mnt/data/sftp/data/quangpt3/gcvwm/calibration/feepe/feature_matching_eval_hallucination/data/query/low/2_Use the right hand to close the black drawer/frame_0054.png,low,1
2_Use the right hand to close the black drawer,/mnt/data/sftp/data/quangpt3/gcvwm/calibration/feepe/feature_matching_eval_hallucination/data/query/low/2_Use the right hand to close the black drawer/frame_0056.png,low,1
2_Use the right hand to close the black drawer,/mnt/data/sftp/data/quangpt3/gcvwm/calibration/feepe/feature_matching_eval_hallucination/data/query/low/2_Use the right hand to close the black drawer/frame_0058.png,low,1
2_Use the right hand to close the black drawer,/mnt/data/sftp/data/quangpt3/gcvwm/calibration/feepe/feature_matching_eval_hallucination/data/query/low/2_Use the right hand to close the black drawer/frame_0060.png,low,1
2_Use the right hand to close the black drawer,/mnt/data/sftp/data/quangpt3/gcvwm/calibration/feepe/feature_matching_eval_hallucination/data/query/low/2_Use the right hand to close the black drawer/frame_0061.png,low,1
2_Use the right hand to close the black drawer,/mnt/data/sftp/data/quangpt3/gcvwm/calibration/feepe/feature_matching_eval_hallucination/data/query/low/2_Use the right hand to close the black drawer/frame_0063.png,low,1
2_Use the right hand to close the black drawer,/mnt/data/sftp/data/quangpt3/gcvwm/calibration/feepe/feature_matching_eval_hallucination/data/query/low/2_Use the right hand to close the black drawer/frame_0065.png,low,1
2_Use the right hand to close the black drawer,/mnt/data/sftp/data/quangpt3/gcvwm/calibration/feepe/feature_matching_eval_hallucination/data/query/low/2_Use the right hand to close the black drawer/frame_0067.png,low,1
2_Use the right hand to close the black drawer,/mnt/data/sftp/data/quangpt3/gcvwm/calibration/feepe/feature_matching_eval_hallucination/data/query/low/2_Use the right hand to close the black drawer/frame_0069.png,low,1
2_Use the right hand to close the black drawer,/mnt/data/sftp/data/quangpt3/gcvwm/calibration/feepe/feature_matching_eval_hallucination/data/query/low/2_Use the right hand to close the black drawer/frame_0071.png,low,1
2_Use the right hand to close the black drawer,/mnt/data/sftp/data/quangpt3/gcvwm/calibration/feepe/feature_matching_eval_hallucination/data/query/low/2_Use the right hand to close the black drawer/frame_0073.png,low,1
2_Use the right hand to close the black drawer,/mnt/data/sftp/data/quangpt3/gcvwm/calibration/feepe/feature_matching_eval_hallucination/data/query/low/2_Use the right hand to close the black drawer/frame_0075.png,low,1
2_Use the right hand to close the black drawer,/mnt/data/sftp/data/quangpt3/gcvwm/calibration/feepe/feature_matching_eval_hallucination/data/query/low/2_Use the right hand to close the black drawer/frame_0076.png,low,1
2_Use the right hand to close the black drawer,/mnt/data/sftp/data/quangpt3/gcvwm/calibration/feepe/feature_matching_eval_hallucination/data/query/low/2_Use the right hand to close the black drawer/frame_0078.png,low,1
2_Use the right hand to close the black drawer,/mnt/data/sftp/data/quangpt3/gcvwm/calibration/feepe/feature_matching_eval_hallucination/data/query/low/2_Use the right hand to close the black drawer/frame_0080.png,low,1
2_Use the right hand to close the black drawer,/mnt/data/sftp/data/quangpt3/gcvwm/calibration/feepe/feature_matching_eval_hallucination/data/query/low/2_Use the right hand to close the black drawer/frame_0082.png,low,1
2_Use the right hand to close the black drawer,/mnt/data/sftp/data/quangpt3/gcvwm/calibration/feepe/feature_matching_eval_hallucination/data/query/low/2_Use the right hand to close the black drawer/frame_0084.png,low,1
2_Use the right hand to close the black drawer,/mnt/data/sftp/data/quangpt3/gcvwm/calibration/feepe/feature_matching_eval_hallucination/data/query/low/2_Use the right hand to close the black drawer/frame_0086.png,low,1
2_Use the right hand to close the black drawer,/mnt/data/sftp/data/quangpt3/gcvwm/calibration/feepe/feature_matching_eval_hallucination/data/query/low/2_Use the right hand to close the black drawer/frame_0088.png,low,1
2_Use the right hand to close the black drawer,/mnt/data/sftp/data/quangpt3/gcvwm/calibration/feepe/feature_matching_eval_hallucination/data/query/low/2_Use the right hand to close the black drawer/frame_0090.png,low,1
2_Use the right hand to close the black drawer,/mnt/data/sftp/data/quangpt3/gcvwm/calibration/feepe/feature_matching_eval_hallucination/data/query/low/2_Use the right hand to close the black drawer/frame_0092.png,low,1
2_Use the right hand to pick up tall red glass from center of table to center of bright blue plate.,/mnt/data/sftp/data/quangpt3/gcvwm/calibration/feepe/feature_matching_eval_hallucination/data/query/low/2_Use the right hand to pick up tall red glass from center of table to center of bright blue plate./frame_0000.png,low,1
2_Use the right hand to pick up tall red glass from center of table to center of bright blue plate.,/mnt/data/sftp/data/quangpt3/gcvwm/calibration/feepe/feature_matching_eval_hallucination/data/query/low/2_Use the right hand to pick up tall red glass from center of table to center of bright blue plate./frame_0001.png,low,1
2_Use the right hand to pick up tall red glass from center of table to center of bright blue plate.,/mnt/data/sftp/data/quangpt3/gcvwm/calibration/feepe/feature_matching_eval_hallucination/data/query/low/2_Use the right hand to pick up tall red glass from center of table to center of bright blue plate./frame_0002.png,low,1
2_Use the right hand to pick up tall red glass from center of table to center of bright blue plate.,/mnt/data/sftp/data/quangpt3/gcvwm/calibration/feepe/feature_matching_eval_hallucination/data/query/low/2_Use the right hand to pick up tall red glass from center of table to center of bright blue plate./frame_0003.png,low,1
2_Use the right hand to pick up tall red glass from center of table to center of bright blue plate.,/mnt/data/sftp/data/quangpt3/gcvwm/calibration/feepe/feature_matching_eval_hallucination/data/query/low/2_Use the right hand to pick up tall red glass from center of table to center of bright blue plate./frame_0004.png,low,1
2_Use the right hand to pick up tall red glass from center of table to center of bright blue plate.,/mnt/data/sftp/data/quangpt3/gcvwm/calibration/feepe/feature_matching_eval_hallucination/data/query/low/2_Use the right hand to pick up tall red glass from center of table to center of bright blue plate./frame_0005.png,low,1
2_Use the right hand to pick up tall red glass from center of table to center of bright blue plate.,/mnt/data/sftp/data/quangpt3/gcvwm/calibration/feepe/feature_matching_eval_hallucination/data/query/low/2_Use the right hand to pick up tall red glass from center of table to center of bright blue plate./frame_0006.png,low,1
2_Use the right hand to pick up tall red glass from center of table to center of bright blue plate.,/mnt/data/sftp/data/quangpt3/gcvwm/calibration/feepe/feature_matching_eval_hallucination/data/query/low/2_Use the right hand to pick up tall red glass from center of table to center of bright blue plate./frame_0007.png,low,1
2_Use the right hand to pick up tall red glass from center of table to center of bright blue plate.,/mnt/data/sftp/data/quangpt3/gcvwm/calibration/feepe/feature_matching_eval_hallucination/data/query/low/2_Use the right hand to pick up tall red glass from center of table to center of bright blue plate./frame_0009.png,low,1
2_Use the right hand to pick up tall red glass from center of table to center of bright blue plate.,/mnt/data/sftp/data/quangpt3/gcvwm/calibration/feepe/feature_matching_eval_hallucination/data/query/low/2_Use the right hand to pick up tall red glass from center of table to center of bright blue plate./frame_0011.png,low,1
2_Use the right hand to pick up tall red glass from center of table to center of bright blue plate.,/mnt/data/sftp/data/quangpt3/gcvwm/calibration/feepe/feature_matching_eval_hallucination/data/query/low/2_Use the right hand to pick up tall red glass from center of table to center of bright blue plate./frame_0013.png,low,1
2_Use the right hand to pick up tall red glass from center of table to center of bright blue plate.,/mnt/data/sftp/data/quangpt3/gcvwm/calibration/feepe/feature_matching_eval_hallucination/data/query/low/2_Use the right hand to pick up tall red glass from center of table to center of bright blue plate./frame_0015.png,low,1
2_Use the right hand to pick up tall red glass from center of table to center of bright blue plate.,/mnt/data/sftp/data/quangpt3/gcvwm/calibration/feepe/feature_matching_eval_hallucination/data/query/low/2_Use the right hand to pick up tall red glass from center of table to center of bright blue plate./frame_0016.png,low,1
2_Use the right hand to pick up tall red glass from center of table to center of bright blue plate.,/mnt/data/sftp/data/quangpt3/gcvwm/calibration/feepe/feature_matching_eval_hallucination/data/query/low/2_Use the right hand to pick up tall red glass from center of table to center of bright blue plate./frame_0018.png,low,1
2_Use the right hand to pick up tall red glass from center of table to center of bright blue plate.,/mnt/data/sftp/data/quangpt3/gcvwm/calibration/feepe/feature_matching_eval_hallucination/data/query/low/2_Use the right hand to pick up tall red glass from center of table to center of bright blue plate./frame_0020.png,low,1
2_Use the right hand to pick up tall red glass from center of table to center of bright blue plate.,/mnt/data/sftp/data/quangpt3/gcvwm/calibration/feepe/feature_matching_eval_hallucination/data/query/low/2_Use the right hand to pick up tall red glass from center of table to center of bright blue plate./frame_0022.png,low,1
2_Use the right hand to pick up tall red glass from center of table to center of bright blue plate.,/mnt/data/sftp/data/quangpt3/gcvwm/calibration/feepe/feature_matching_eval_hallucination/data/query/low/2_Use the right hand to pick up tall red glass from center of table to center of bright blue plate./frame_0024.png,low,1
2_Use the right hand to pick up tall red glass from center of table to center of bright blue plate.,/mnt/data/sftp/data/quangpt3/gcvwm/calibration/feepe/feature_matching_eval_hallucination/data/query/low/2_Use the right hand to pick up tall red glass from center of table to center of bright blue plate./frame_0026.png,low,1
2_Use the right hand to pick up tall red glass from center of table to center of bright blue plate.,/mnt/data/sftp/data/quangpt3/gcvwm/calibration/feepe/feature_matching_eval_hallucination/data/query/low/2_Use the right hand to pick up tall red glass from center of table to center of bright blue plate./frame_0028.png,low,1
2_Use the right hand to pick up tall red glass from center of table to center of bright blue plate.,/mnt/data/sftp/data/quangpt3/gcvwm/calibration/feepe/feature_matching_eval_hallucination/data/query/low/2_Use the right hand to pick up tall red glass from center of table to center of bright blue plate./frame_0030.png,low,1
2_Use the right hand to pick up tall red glass from center of table to center of bright blue plate.,/mnt/data/sftp/data/quangpt3/gcvwm/calibration/feepe/feature_matching_eval_hallucination/data/query/low/2_Use the right hand to pick up tall red glass from center of table to center of bright blue plate./frame_0031.png,low,1
2_Use the right hand to pick up tall red glass from center of table to center of bright blue plate.,/mnt/data/sftp/data/quangpt3/gcvwm/calibration/feepe/feature_matching_eval_hallucination/data/query/low/2_Use the right hand to pick up tall red glass from center of table to center of bright blue plate./frame_0033.png,low,1
2_Use the right hand to pick up tall red glass from center of table to center of bright blue plate.,/mnt/data/sftp/data/quangpt3/gcvwm/calibration/feepe/feature_matching_eval_hallucination/data/query/low/2_Use the right hand to pick up tall red glass from center of table to center of bright blue plate./frame_0035.png,low,1
2_Use the right hand to pick up tall red glass from center of table to center of bright blue plate.,/mnt/data/sftp/data/quangpt3/gcvwm/calibration/feepe/feature_matching_eval_hallucination/data/query/low/2_Use the right hand to pick up tall red glass from center of table to center of bright blue plate./frame_0037.png,low,1
2_Use the right hand to pick up tall red glass from center of table to center of bright blue plate.,/mnt/data/sftp/data/quangpt3/gcvwm/calibration/feepe/feature_matching_eval_hallucination/data/query/low/2_Use the right hand to pick up tall red glass from center of table to center of bright blue plate./frame_0039.png,low,1
2_Use the right hand to pick up tall red glass from center of table to center of bright blue plate.,/mnt/data/sftp/data/quangpt3/gcvwm/calibration/feepe/feature_matching_eval_hallucination/data/query/low/2_Use the right hand to pick up tall red glass from center of table to center of bright blue plate./frame_0041.png,low,1
2_Use the right hand to pick up tall red glass from center of table to center of bright blue plate.,/mnt/data/sftp/data/quangpt3/gcvwm/calibration/feepe/feature_matching_eval_hallucination/data/query/low/2_Use the right hand to pick up tall red glass from center of table to center of bright blue plate./frame_0043.png,low,1
2_Use the right hand to pick up tall red glass from center of table to center of bright blue plate.,/mnt/data/sftp/data/quangpt3/gcvwm/calibration/feepe/feature_matching_eval_hallucination/data/query/low/2_Use the right hand to pick up tall red glass from center of table to center of bright blue plate./frame_0045.png,low,1
2_Use the right hand to pick up tall red glass from center of table to center of bright blue plate.,/mnt/data/sftp/data/quangpt3/gcvwm/calibration/feepe/feature_matching_eval_hallucination/data/query/low/2_Use the right hand to pick up tall red glass from center of table to center of bright blue plate./frame_0046.png,low,1
2_Use the right hand to pick up tall red glass from center of table to center of bright blue plate.,/mnt/data/sftp/data/quangpt3/gcvwm/calibration/feepe/feature_matching_eval_hallucination/data/query/low/2_Use the right hand to pick up tall red glass from center of table to center of bright blue plate./frame_0048.png,low,1
2_Use the right hand to pick up tall red glass from center of table to center of bright blue plate.,/mnt/data/sftp/data/quangpt3/gcvwm/calibration/feepe/feature_matching_eval_hallucination/data/query/low/2_Use the right hand to pick up tall red glass from center of table to center of bright blue plate./frame_0050.png,low,1
2_Use the right hand to pick up tall red glass from center of table to center of bright blue plate.,/mnt/data/sftp/data/quangpt3/gcvwm/calibration/feepe/feature_matching_eval_hallucination/data/query/low/2_Use the right hand to pick up tall red glass from center of table to center of bright blue plate./frame_0052.png,low,1
2_Use the right hand to pick up tall red glass from center of table to center of bright blue plate.,/mnt/data/sftp/data/quangpt3/gcvwm/calibration/feepe/feature_matching_eval_hallucination/data/query/low/2_Use the right hand to pick up tall red glass from center of table to center of bright blue plate./frame_0054.png,low,1
2_Use the right hand to pick up tall red glass from center of table to center of bright blue plate.,/mnt/data/sftp/data/quangpt3/gcvwm/calibration/feepe/feature_matching_eval_hallucination/data/query/low/2_Use the right hand to pick up tall red glass from center of table to center of bright blue plate./frame_0056.png,low,1
2_Use the right hand to pick up tall red glass from center of table to center of bright blue plate.,/mnt/data/sftp/data/quangpt3/gcvwm/calibration/feepe/feature_matching_eval_hallucination/data/query/low/2_Use the right hand to pick up tall red glass from center of table to center of bright blue plate./frame_0058.png,low,1
2_Use the right hand to pick up tall red glass from center of table to center of bright blue plate.,/mnt/data/sftp/data/quangpt3/gcvwm/calibration/feepe/feature_matching_eval_hallucination/data/query/low/2_Use the right hand to pick up tall red glass from center of table to center of bright blue plate./frame_0060.png,low,1
2_Use the right hand to pick up tall red glass from center of table to center of bright blue plate.,/mnt/data/sftp/data/quangpt3/gcvwm/calibration/feepe/feature_matching_eval_hallucination/data/query/low/2_Use the right hand to pick up tall red glass from center of table to center of bright blue plate./frame_0061.png,low,1
2_Use the right hand to pick up tall red glass from center of table to center of bright blue plate.,/mnt/data/sftp/data/quangpt3/gcvwm/calibration/feepe/feature_matching_eval_hallucination/data/query/low/2_Use the right hand to pick up tall red glass from center of table to center of bright blue plate./frame_0063.png,low,1
2_Use the right hand to pick up tall red glass from center of table to center of bright blue plate.,/mnt/data/sftp/data/quangpt3/gcvwm/calibration/feepe/feature_matching_eval_hallucination/data/query/low/2_Use the right hand to pick up tall red glass from center of table to center of bright blue plate./frame_0065.png,low,1
2_Use the right hand to pick up tall red glass from center of table to center of bright blue plate.,/mnt/data/sftp/data/quangpt3/gcvwm/calibration/feepe/feature_matching_eval_hallucination/data/query/low/2_Use the right hand to pick up tall red glass from center of table to center of bright blue plate./frame_0067.png,low,1
2_Use the right hand to pick up tall red glass from center of table to center of bright blue plate.,/mnt/data/sftp/data/quangpt3/gcvwm/calibration/feepe/feature_matching_eval_hallucination/data/query/low/2_Use the right hand to pick up tall red glass from center of table to center of bright blue plate./frame_0069.png,low,1
2_Use the right hand to pick up tall red glass from center of table to center of bright blue plate.,/mnt/data/sftp/data/quangpt3/gcvwm/calibration/feepe/feature_matching_eval_hallucination/data/query/low/2_Use the right hand to pick up tall red glass from center of table to center of bright blue plate./frame_0071.png,low,1
2_Use the right hand to pick up tall red glass from center of table to center of bright blue plate.,/mnt/data/sftp/data/quangpt3/gcvwm/calibration/feepe/feature_matching_eval_hallucination/data/query/low/2_Use the right hand to pick up tall red glass from center of table to center of bright blue plate./frame_0073.png,low,1
2_Use the right hand to pick up tall red glass from center of table to center of bright blue plate.,/mnt/data/sftp/data/quangpt3/gcvwm/calibration/feepe/feature_matching_eval_hallucination/data/query/low/2_Use the right hand to pick up tall red glass from center of table to center of bright blue plate./frame_0075.png,low,1
2_Use the right hand to pick up tall red glass from center of table to center of bright blue plate.,/mnt/data/sftp/data/quangpt3/gcvwm/calibration/feepe/feature_matching_eval_hallucination/data/query/low/2_Use the right hand to pick up tall red glass from center of table to center of bright blue plate./frame_0076.png,low,1
2_Use the right hand to pick up tall red glass from center of table to center of bright blue plate.,/mnt/data/sftp/data/quangpt3/gcvwm/calibration/feepe/feature_matching_eval_hallucination/data/query/low/2_Use the right hand to pick up tall red glass from center of table to center of bright blue plate./frame_0078.png,low,1
2_Use the right hand to pick up tall red glass from center of table to center of bright blue plate.,/mnt/data/sftp/data/quangpt3/gcvwm/calibration/feepe/feature_matching_eval_hallucination/data/query/low/2_Use the right hand to pick up tall red glass from center of table to center of bright blue plate./frame_0080.png,low,1
2_Use the right hand to pick up tall red glass from center of table to center of bright blue plate.,/mnt/data/sftp/data/quangpt3/gcvwm/calibration/feepe/feature_matching_eval_hallucination/data/query/low/2_Use the right hand to pick up tall red glass from center of table to center of bright blue plate./frame_0082.png,low,1
2_Use the right hand to pick up tall red glass from center of table to center of bright blue plate.,/mnt/data/sftp/data/quangpt3/gcvwm/calibration/feepe/feature_matching_eval_hallucination/data/query/low/2_Use the right hand to pick up tall red glass from center of table to center of bright blue plate./frame_0084.png,low,1
2_Use the right hand to pick up tall red glass from center of table to center of bright blue plate.,/mnt/data/sftp/data/quangpt3/gcvwm/calibration/feepe/feature_matching_eval_hallucination/data/query/low/2_Use the right hand to pick up tall red glass from center of table to center of bright blue plate./frame_0086.png,low,1
2_Use the right hand to pick up tall red glass from center of table to center of bright blue plate.,/mnt/data/sftp/data/quangpt3/gcvwm/calibration/feepe/feature_matching_eval_hallucination/data/query/low/2_Use the right hand to pick up tall red glass from center of table to center of bright blue plate./frame_0088.png,low,1
2_Use the right hand to pick up tall red glass from center of table to center of bright blue plate.,/mnt/data/sftp/data/quangpt3/gcvwm/calibration/feepe/feature_matching_eval_hallucination/data/query/low/2_Use the right hand to pick up tall red glass from center of table to center of bright blue plate./frame_0090.png,low,1
2_Use the right hand to pick up tall red glass from center of table to center of bright blue plate.,/mnt/data/sftp/data/quangpt3/gcvwm/calibration/feepe/feature_matching_eval_hallucination/data/query/low/2_Use the right hand to pick up tall red glass from center of table to center of bright blue plate./frame_0092.png,low,1
3_Use the right hand to pick up green bok choy from from the center of the table to to the bottom rack of the black two-tiered wire basket.,/mnt/data/sftp/data/quangpt3/gcvwm/calibration/feepe/feature_matching_eval_hallucination/data/query/low/3_Use the right hand to pick up green bok choy from from the center of the table to to the bottom rack of the black two-tiered wire basket./frame_0000.png,low,1
3_Use the right hand to pick up green bok choy from from the center of the table to to the bottom rack of the black two-tiered wire basket.,/mnt/data/sftp/data/quangpt3/gcvwm/calibration/feepe/feature_matching_eval_hallucination/data/query/low/3_Use the right hand to pick up green bok choy from from the center of the table to to the bottom rack of the black two-tiered wire basket./frame_0001.png,low,1
3_Use the right hand to pick up green bok choy from from the center of the table to to the bottom rack of the black two-tiered wire basket.,/mnt/data/sftp/data/quangpt3/gcvwm/calibration/feepe/feature_matching_eval_hallucination/data/query/low/3_Use the right hand to pick up green bok choy from from the center of the table to to the bottom rack of the black two-tiered wire basket./frame_0002.png,low,1
3_Use the right hand to pick up green bok choy from from the center of the table to to the bottom rack of the black two-tiered wire basket.,/mnt/data/sftp/data/quangpt3/gcvwm/calibration/feepe/feature_matching_eval_hallucination/data/query/low/3_Use the right hand to pick up green bok choy from from the center of the table to to the bottom rack of the black two-tiered wire basket./frame_0003.png,low,1
3_Use the right hand to pick up green bok choy from from the center of the table to to the bottom rack of the black two-tiered wire basket.,/mnt/data/sftp/data/quangpt3/gcvwm/calibration/feepe/feature_matching_eval_hallucination/data/query/low/3_Use the right hand to pick up green bok choy from from the center of the table to to the bottom rack of the black two-tiered wire basket./frame_0004.png,low,1
3_Use the right hand to pick up green bok choy from from the center of the table to to the bottom rack of the black two-tiered wire basket.,/mnt/data/sftp/data/quangpt3/gcvwm/calibration/feepe/feature_matching_eval_hallucination/data/query/low/3_Use the right hand to pick up green bok choy from from the center of the table to to the bottom rack of the black two-tiered wire basket./frame_0005.png,low,1
3_Use the right hand to pick up green bok choy from from the center of the table to to the bottom rack of the black two-tiered wire basket.,/mnt/data/sftp/data/quangpt3/gcvwm/calibration/feepe/feature_matching_eval_hallucination/data/query/low/3_Use the right hand to pick up green bok choy from from the center of the table to to the bottom rack of the black two-tiered wire basket./frame_0006.png,low,1
3_Use the right hand to pick up green bok choy from from the center of the table to to the bottom rack of the black two-tiered wire basket.,/mnt/data/sftp/data/quangpt3/gcvwm/calibration/feepe/feature_matching_eval_hallucination/data/query/low/3_Use the right hand to pick up green bok choy from from the center of the table to to the bottom rack of the black two-tiered wire basket./frame_0007.png,low,1
3_Use the right hand to pick up green bok choy from from the center of the table to to the bottom rack of the black two-tiered wire basket.,/mnt/data/sftp/data/quangpt3/gcvwm/calibration/feepe/feature_matching_eval_hallucination/data/query/low/3_Use the right hand to pick up green bok choy from from the center of the table to to the bottom rack of the black two-tiered wire basket./frame_0009.png,low,1
3_Use the right hand to pick up green bok choy from from the center of the table to to the bottom rack of the black two-tiered wire basket.,/mnt/data/sftp/data/quangpt3/gcvwm/calibration/feepe/feature_matching_eval_hallucination/data/query/low/3_Use the right hand to pick up green bok choy from from the center of the table to to the bottom rack of the black two-tiered wire basket./frame_0011.png,low,1
3_Use the right hand to pick up green bok choy from from the center of the table to to the bottom rack of the black two-tiered wire basket.,/mnt/data/sftp/data/quangpt3/gcvwm/calibration/feepe/feature_matching_eval_hallucination/data/query/low/3_Use the right hand to pick up green bok choy from from the center of the table to to the bottom rack of the black two-tiered wire basket./frame_0013.png,low,1
3_Use the right hand to pick up green bok choy from from the center of the table to to the bottom rack of the black two-tiered wire basket.,/mnt/data/sftp/data/quangpt3/gcvwm/calibration/feepe/feature_matching_eval_hallucination/data/query/low/3_Use the right hand to pick up green bok choy from from the center of the table to to the bottom rack of the black two-tiered wire basket./frame_0015.png,low,1
3_Use the right hand to pick up green bok choy from from the center of the table to to the bottom rack of the black two-tiered wire basket.,/mnt/data/sftp/data/quangpt3/gcvwm/calibration/feepe/feature_matching_eval_hallucination/data/query/low/3_Use the right hand to pick up green bok choy from from the center of the table to to the bottom rack of the black two-tiered wire basket./frame_0016.png,low,1
3_Use the right hand to pick up green bok choy from from the center of the table to to the bottom rack of the black two-tiered wire basket.,/mnt/data/sftp/data/quangpt3/gcvwm/calibration/feepe/feature_matching_eval_hallucination/data/query/low/3_Use the right hand to pick up green bok choy from from the center of the table to to the bottom rack of the black two-tiered wire basket./frame_0018.png,low,1
3_Use the right hand to pick up green bok choy from from the center of the table to to the bottom rack of the black two-tiered wire basket.,/mnt/data/sftp/data/quangpt3/gcvwm/calibration/feepe/feature_matching_eval_hallucination/data/query/low/3_Use the right hand to pick up green bok choy from from the center of the table to to the bottom rack of the black two-tiered wire basket./frame_0020.png,low,1
3_Use the right hand to pick up green bok choy from from the center of the table to to the bottom rack of the black two-tiered wire basket.,/mnt/data/sftp/data/quangpt3/gcvwm/calibration/feepe/feature_matching_eval_hallucination/data/query/low/3_Use the right hand to pick up green bok choy from from the center of the table to to the bottom rack of the black two-tiered wire basket./frame_0022.png,low,1
3_Use the right hand to pick up green bok choy from from the center of the table to to the bottom rack of the black two-tiered wire basket.,/mnt/data/sftp/data/quangpt3/gcvwm/calibration/feepe/feature_matching_eval_hallucination/data/query/low/3_Use the right hand to pick up green bok choy from from the center of the table to to the bottom rack of the black two-tiered wire basket./frame_0024.png,low,1
3_Use the right hand to pick up green bok choy from from the center of the table to to the bottom rack of the black two-tiered wire basket.,/mnt/data/sftp/data/quangpt3/gcvwm/calibration/feepe/feature_matching_eval_hallucination/data/query/low/3_Use the right hand to pick up green bok choy from from the center of the table to to the bottom rack of the black two-tiered wire basket./frame_0026.png,low,1
3_Use the right hand to pick up green bok choy from from the center of the table to to the bottom rack of the black two-tiered wire basket.,/mnt/data/sftp/data/quangpt3/gcvwm/calibration/feepe/feature_matching_eval_hallucination/data/query/low/3_Use the right hand to pick up green bok choy from from the center of the table to to the bottom rack of the black two-tiered wire basket./frame_0028.png,low,1
3_Use the right hand to pick up green bok choy from from the center of the table to to the bottom rack of the black two-tiered wire basket.,/mnt/data/sftp/data/quangpt3/gcvwm/calibration/feepe/feature_matching_eval_hallucination/data/query/low/3_Use the right hand to pick up green bok choy from from the center of the table to to the bottom rack of the black two-tiered wire basket./frame_0030.png,low,1
3_Use the right hand to pick up green bok choy from from the center of the table to to the bottom rack of the black two-tiered wire basket.,/mnt/data/sftp/data/quangpt3/gcvwm/calibration/feepe/feature_matching_eval_hallucination/data/query/low/3_Use the right hand to pick up green bok choy from from the center of the table to to the bottom rack of the black two-tiered wire basket./frame_0031.png,low,1
3_Use the right hand to pick up green bok choy from from the center of the table to to the bottom rack of the black two-tiered wire basket.,/mnt/data/sftp/data/quangpt3/gcvwm/calibration/feepe/feature_matching_eval_hallucination/data/query/low/3_Use the right hand to pick up green bok choy from from the center of the table to to the bottom rack of the black two-tiered wire basket./frame_0033.png,low,1
3_Use the right hand to pick up green bok choy from from the center of the table to to the bottom rack of the black two-tiered wire basket.,/mnt/data/sftp/data/quangpt3/gcvwm/calibration/feepe/feature_matching_eval_hallucination/data/query/low/3_Use the right hand to pick up green bok choy from from the center of the table to to the bottom rack of the black two-tiered wire basket./frame_0035.png,low,1
3_Use the right hand to pick up green bok choy from from the center of the table to to the bottom rack of the black two-tiered wire basket.,/mnt/data/sftp/data/quangpt3/gcvwm/calibration/feepe/feature_matching_eval_hallucination/data/query/low/3_Use the right hand to pick up green bok choy from from the center of the table to to the bottom rack of the black two-tiered wire basket./frame_0037.png,low,1
3_Use the right hand to pick up green bok choy from from the center of the table to to the bottom rack of the black two-tiered wire basket.,/mnt/data/sftp/data/quangpt3/gcvwm/calibration/feepe/feature_matching_eval_hallucination/data/query/low/3_Use the right hand to pick up green bok choy from from the center of the table to to the bottom rack of the black two-tiered wire basket./frame_0039.png,low,1
3_Use the right hand to pick up green bok choy from from the center of the table to to the bottom rack of the black two-tiered wire basket.,/mnt/data/sftp/data/quangpt3/gcvwm/calibration/feepe/feature_matching_eval_hallucination/data/query/low/3_Use the right hand to pick up green bok choy from from the center of the table to to the bottom rack of the black two-tiered wire basket./frame_0041.png,low,1
3_Use the right hand to pick up green bok choy from from the center of the table to to the bottom rack of the black two-tiered wire basket.,/mnt/data/sftp/data/quangpt3/gcvwm/calibration/feepe/feature_matching_eval_hallucination/data/query/low/3_Use the right hand to pick up green bok choy from from the center of the table to to the bottom rack of the black two-tiered wire basket./frame_0043.png,low,1
3_Use the right hand to pick up green bok choy from from the center of the table to to the bottom rack of the black two-tiered wire basket.,/mnt/data/sftp/data/quangpt3/gcvwm/calibration/feepe/feature_matching_eval_hallucination/data/query/low/3_Use the right hand to pick up green bok choy from from the center of the table to to the bottom rack of the black two-tiered wire basket./frame_0045.png,low,1
3_Use the right hand to pick up green bok choy from from the center of the table to to the bottom rack of the black two-tiered wire basket.,/mnt/data/sftp/data/quangpt3/gcvwm/calibration/feepe/feature_matching_eval_hallucination/data/query/low/3_Use the right hand to pick up green bok choy from from the center of the table to to the bottom rack of the black two-tiered wire basket./frame_0046.png,low,1
3_Use the right hand to pick up green bok choy from from the center of the table to to the bottom rack of the black two-tiered wire basket.,/mnt/data/sftp/data/quangpt3/gcvwm/calibration/feepe/feature_matching_eval_hallucination/data/query/low/3_Use the right hand to pick up green bok choy from from the center of the table to to the bottom rack of the black two-tiered wire basket./frame_0048.png,low,1
3_Use the right hand to pick up green bok choy from from the center of the table to to the bottom rack of the black two-tiered wire basket.,/mnt/data/sftp/data/quangpt3/gcvwm/calibration/feepe/feature_matching_eval_hallucination/data/query/low/3_Use the right hand to pick up green bok choy from from the center of the table to to the bottom rack of the black two-tiered wire basket./frame_0050.png,low,1
3_Use the right hand to pick up green bok choy from from the center of the table to to the bottom rack of the black two-tiered wire basket.,/mnt/data/sftp/data/quangpt3/gcvwm/calibration/feepe/feature_matching_eval_hallucination/data/query/low/3_Use the right hand to pick up green bok choy from from the center of the table to to the bottom rack of the black two-tiered wire basket./frame_0052.png,low,1
3_Use the right hand to pick up green bok choy from from the center of the table to to the bottom rack of the black two-tiered wire basket.,/mnt/data/sftp/data/quangpt3/gcvwm/calibration/feepe/feature_matching_eval_hallucination/data/query/low/3_Use the right hand to pick up green bok choy from from the center of the table to to the bottom rack of the black two-tiered wire basket./frame_0054.png,low,1
3_Use the right hand to pick up green bok choy from from the center of the table to to the bottom rack of the black two-tiered wire basket.,/mnt/data/sftp/data/quangpt3/gcvwm/calibration/feepe/feature_matching_eval_hallucination/data/query/low/3_Use the right hand to pick up green bok choy from from the center of the table to to the bottom rack of the black two-tiered wire basket./frame_0056.png,low,1
3_Use the right hand to pick up green bok choy from from the center of the table to to the bottom rack of the black two-tiered wire basket.,/mnt/data/sftp/data/quangpt3/gcvwm/calibration/feepe/feature_matching_eval_hallucination/data/query/low/3_Use the right hand to pick up green bok choy from from the center of the table to to the bottom rack of the black two-tiered wire basket./frame_0058.png,low,1
3_Use the right hand to pick up green bok choy from from the center of the table to to the bottom rack of the black two-tiered wire basket.,/mnt/data/sftp/data/quangpt3/gcvwm/calibration/feepe/feature_matching_eval_hallucination/data/query/low/3_Use the right hand to pick up green bok choy from from the center of the table to to the bottom rack of the black two-tiered wire basket./frame_0060.png,low,1
3_Use the right hand to pick up green bok choy from from the center of the table to to the bottom rack of the black two-tiered wire basket.,/mnt/data/sftp/data/quangpt3/gcvwm/calibration/feepe/feature_matching_eval_hallucination/data/query/low/3_Use the right hand to pick up green bok choy from from the center of the table to to the bottom rack of the black two-tiered wire basket./frame_0061.png,low,1
3_Use the right hand to pick up green bok choy from from the center of the table to to the bottom rack of the black two-tiered wire basket.,/mnt/data/sftp/data/quangpt3/gcvwm/calibration/feepe/feature_matching_eval_hallucination/data/query/low/3_Use the right hand to pick up green bok choy from from the center of the table to to the bottom rack of the black two-tiered wire basket./frame_0063.png,low,1
3_Use the right hand to pick up green bok choy from from the center of the table to to the bottom rack of the black two-tiered wire basket.,/mnt/data/sftp/data/quangpt3/gcvwm/calibration/feepe/feature_matching_eval_hallucination/data/query/low/3_Use the right hand to pick up green bok choy from from the center of the table to to the bottom rack of the black two-tiered wire basket./frame_0065.png,low,1
3_Use the right hand to pick up green bok choy from from the center of the table to to the bottom rack of the black two-tiered wire basket.,/mnt/data/sftp/data/quangpt3/gcvwm/calibration/feepe/feature_matching_eval_hallucination/data/query/low/3_Use the right hand to pick up green bok choy from from the center of the table to to the bottom rack of the black two-tiered wire basket./frame_0067.png,low,1
3_Use the right hand to pick up green bok choy from from the center of the table to to the bottom rack of the black two-tiered wire basket.,/mnt/data/sftp/data/quangpt3/gcvwm/calibration/feepe/feature_matching_eval_hallucination/data/query/low/3_Use the right hand to pick up green bok choy from from the center of the table to to the bottom rack of the black two-tiered wire basket./frame_0069.png,low,1
3_Use the right hand to pick up green bok choy from from the center of the table to to the bottom rack of the black two-tiered wire basket.,/mnt/data/sftp/data/quangpt3/gcvwm/calibration/feepe/feature_matching_eval_hallucination/data/query/low/3_Use the right hand to pick up green bok choy from from the center of the table to to the bottom rack of the black two-tiered wire basket./frame_0071.png,low,1
3_Use the right hand to pick up green bok choy from from the center of the table to to the bottom rack of the black two-tiered wire basket.,/mnt/data/sftp/data/quangpt3/gcvwm/calibration/feepe/feature_matching_eval_hallucination/data/query/low/3_Use the right hand to pick up green bok choy from from the center of the table to to the bottom rack of the black two-tiered wire basket./frame_0073.png,low,1
3_Use the right hand to pick up green bok choy from from the center of the table to to the bottom rack of the black two-tiered wire basket.,/mnt/data/sftp/data/quangpt3/gcvwm/calibration/feepe/feature_matching_eval_hallucination/data/query/low/3_Use the right hand to pick up green bok choy from from the center of the table to to the bottom rack of the black two-tiered wire basket./frame_0075.png,low,1
3_Use the right hand to pick up green bok choy from from the center of the table to to the bottom rack of the black two-tiered wire basket.,/mnt/data/sftp/data/quangpt3/gcvwm/calibration/feepe/feature_matching_eval_hallucination/data/query/low/3_Use the right hand to pick up green bok choy from from the center of the table to to the bottom rack of the black two-tiered wire basket./frame_0076.png,low,1
3_Use the right hand to pick up green bok choy from from the center of the table to to the bottom rack of the black two-tiered wire basket.,/mnt/data/sftp/data/quangpt3/gcvwm/calibration/feepe/feature_matching_eval_hallucination/data/query/low/3_Use the right hand to pick up green bok choy from from the center of the table to to the bottom rack of the black two-tiered wire basket./frame_0078.png,low,1
3_Use the right hand to pick up green bok choy from from the center of the table to to the bottom rack of the black two-tiered wire basket.,/mnt/data/sftp/data/quangpt3/gcvwm/calibration/feepe/feature_matching_eval_hallucination/data/query/low/3_Use the right hand to pick up green bok choy from from the center of the table to to the bottom rack of the black two-tiered wire basket./frame_0080.png,low,1
3_Use the right hand to pick up green bok choy from from the center of the table to to the bottom rack of the black two-tiered wire basket.,/mnt/data/sftp/data/quangpt3/gcvwm/calibration/feepe/feature_matching_eval_hallucination/data/query/low/3_Use the right hand to pick up green bok choy from from the center of the table to to the bottom rack of the black two-tiered wire basket./frame_0082.png,low,1
3_Use the right hand to pick up green bok choy from from the center of the table to to the bottom rack of the black two-tiered wire basket.,/mnt/data/sftp/data/quangpt3/gcvwm/calibration/feepe/feature_matching_eval_hallucination/data/query/low/3_Use the right hand to pick up green bok choy from from the center of the table to to the bottom rack of the black two-tiered wire basket./frame_0084.png,low,1
3_Use the right hand to pick up green bok choy from from the center of the table to to the bottom rack of the black two-tiered wire basket.,/mnt/data/sftp/data/quangpt3/gcvwm/calibration/feepe/feature_matching_eval_hallucination/data/query/low/3_Use the right hand to pick up green bok choy from from the center of the table to to the bottom rack of the black two-tiered wire basket./frame_0086.png,low,1
3_Use the right hand to pick up green bok choy from from the center of the table to to the bottom rack of the black two-tiered wire basket.,/mnt/data/sftp/data/quangpt3/gcvwm/calibration/feepe/feature_matching_eval_hallucination/data/query/low/3_Use the right hand to pick up green bok choy from from the center of the table to to the bottom rack of the black two-tiered wire basket./frame_0088.png,low,1
3_Use the right hand to pick up green bok choy from from the center of the table to to the bottom rack of the black two-tiered wire basket.,/mnt/data/sftp/data/quangpt3/gcvwm/calibration/feepe/feature_matching_eval_hallucination/data/query/low/3_Use the right hand to pick up green bok choy from from the center of the table to to the bottom rack of the black two-tiered wire basket./frame_0090.png,low,1
3_Use the right hand to pick up green bok choy from from the center of the table to to the bottom rack of the black two-tiered wire basket.,/mnt/data/sftp/data/quangpt3/gcvwm/calibration/feepe/feature_matching_eval_hallucination/data/query/low/3_Use the right hand to pick up green bok choy from from the center of the table to to the bottom rack of the black two-tiered wire basket./frame_0092.png,low,1
4_Use the right hand to close waffle maker,/mnt/data/sftp/data/quangpt3/gcvwm/calibration/feepe/feature_matching_eval_hallucination/data/query/low/4_Use the right hand to close waffle maker/frame_0000.png,low,1
4_Use the right hand to close waffle maker,/mnt/data/sftp/data/quangpt3/gcvwm/calibration/feepe/feature_matching_eval_hallucination/data/query/low/4_Use the right hand to close waffle maker/frame_0001.png,low,1
4_Use the right hand to close waffle maker,/mnt/data/sftp/data/quangpt3/gcvwm/calibration/feepe/feature_matching_eval_hallucination/data/query/low/4_Use the right hand to close waffle maker/frame_0002.png,low,1
4_Use the right hand to close waffle maker,/mnt/data/sftp/data/quangpt3/gcvwm/calibration/feepe/feature_matching_eval_hallucination/data/query/low/4_Use the right hand to close waffle maker/frame_0003.png,low,1
4_Use the right hand to close waffle maker,/mnt/data/sftp/data/quangpt3/gcvwm/calibration/feepe/feature_matching_eval_hallucination/data/query/low/4_Use the right hand to close waffle maker/frame_0004.png,low,1
4_Use the right hand to close waffle maker,/mnt/data/sftp/data/quangpt3/gcvwm/calibration/feepe/feature_matching_eval_hallucination/data/query/low/4_Use the right hand to close waffle maker/frame_0005.png,low,1
4_Use the right hand to close waffle maker,/mnt/data/sftp/data/quangpt3/gcvwm/calibration/feepe/feature_matching_eval_hallucination/data/query/low/4_Use the right hand to close waffle maker/frame_0006.png,low,1
4_Use the right hand to close waffle maker,/mnt/data/sftp/data/quangpt3/gcvwm/calibration/feepe/feature_matching_eval_hallucination/data/query/low/4_Use the right hand to close waffle maker/frame_0007.png,low,1
4_Use the right hand to close waffle maker,/mnt/data/sftp/data/quangpt3/gcvwm/calibration/feepe/feature_matching_eval_hallucination/data/query/low/4_Use the right hand to close waffle maker/frame_0009.png,low,1
4_Use the right hand to close waffle maker,/mnt/data/sftp/data/quangpt3/gcvwm/calibration/feepe/feature_matching_eval_hallucination/data/query/low/4_Use the right hand to close waffle maker/frame_0011.png,low,1
4_Use the right hand to close waffle maker,/mnt/data/sftp/data/quangpt3/gcvwm/calibration/feepe/feature_matching_eval_hallucination/data/query/low/4_Use the right hand to close waffle maker/frame_0013.png,low,1
4_Use the right hand to close waffle maker,/mnt/data/sftp/data/quangpt3/gcvwm/calibration/feepe/feature_matching_eval_hallucination/data/query/low/4_Use the right hand to close waffle maker/frame_0015.png,low,1
4_Use the right hand to close waffle maker,/mnt/data/sftp/data/quangpt3/gcvwm/calibration/feepe/feature_matching_eval_hallucination/data/query/low/4_Use the right hand to close waffle maker/frame_0016.png,low,1
4_Use the right hand to close waffle maker,/mnt/data/sftp/data/quangpt3/gcvwm/calibration/feepe/feature_matching_eval_hallucination/data/query/low/4_Use the right hand to close waffle maker/frame_0018.png,low,1
4_Use the right hand to close waffle maker,/mnt/data/sftp/data/quangpt3/gcvwm/calibration/feepe/feature_matching_eval_hallucination/data/query/low/4_Use the right hand to close waffle maker/frame_0020.png,low,1
4_Use the right hand to close waffle maker,/mnt/data/sftp/data/quangpt3/gcvwm/calibration/feepe/feature_matching_eval_hallucination/data/query/low/4_Use the right hand to close waffle maker/frame_0022.png,low,1
4_Use the right hand to close waffle maker,/mnt/data/sftp/data/quangpt3/gcvwm/calibration/feepe/feature_matching_eval_hallucination/data/query/low/4_Use the right hand to close waffle maker/frame_0024.png,low,1
4_Use the right hand to close waffle maker,/mnt/data/sftp/data/quangpt3/gcvwm/calibration/feepe/feature_matching_eval_hallucination/data/query/low/4_Use the right hand to close waffle maker/frame_0026.png,low,1
4_Use the right hand to close waffle maker,/mnt/data/sftp/data/quangpt3/gcvwm/calibration/feepe/feature_matching_eval_hallucination/data/query/low/4_Use the right hand to close waffle maker/frame_0028.png,low,1
4_Use the right hand to close waffle maker,/mnt/data/sftp/data/quangpt3/gcvwm/calibration/feepe/feature_matching_eval_hallucination/data/query/low/4_Use the right hand to close waffle maker/frame_0030.png,low,1
4_Use the right hand to close waffle maker,/mnt/data/sftp/data/quangpt3/gcvwm/calibration/feepe/feature_matching_eval_hallucination/data/query/low/4_Use the right hand to close waffle maker/frame_0031.png,low,1
4_Use the right hand to close waffle maker,/mnt/data/sftp/data/quangpt3/gcvwm/calibration/feepe/feature_matching_eval_hallucination/data/query/low/4_Use the right hand to close waffle maker/frame_0033.png,low,1
4_Use the right hand to close waffle maker,/mnt/data/sftp/data/quangpt3/gcvwm/calibration/feepe/feature_matching_eval_hallucination/data/query/low/4_Use the right hand to close waffle maker/frame_0035.png,low,1
4_Use the right hand to close waffle maker,/mnt/data/sftp/data/quangpt3/gcvwm/calibration/feepe/feature_matching_eval_hallucination/data/query/low/4_Use the right hand to close waffle maker/frame_0037.png,low,1
4_Use the right hand to close waffle maker,/mnt/data/sftp/data/quangpt3/gcvwm/calibration/feepe/feature_matching_eval_hallucination/data/query/low/4_Use the right hand to close waffle maker/frame_0039.png,low,1
4_Use the right hand to close waffle maker,/mnt/data/sftp/data/quangpt3/gcvwm/calibration/feepe/feature_matching_eval_hallucination/data/query/low/4_Use the right hand to close waffle maker/frame_0041.png,low,1
4_Use the right hand to close waffle maker,/mnt/data/sftp/data/quangpt3/gcvwm/calibration/feepe/feature_matching_eval_hallucination/data/query/low/4_Use the right hand to close waffle maker/frame_0043.png,low,1
4_Use the right hand to close waffle maker,/mnt/data/sftp/data/quangpt3/gcvwm/calibration/feepe/feature_matching_eval_hallucination/data/query/low/4_Use the right hand to close waffle maker/frame_0045.png,low,1
4_Use the right hand to close waffle maker,/mnt/data/sftp/data/quangpt3/gcvwm/calibration/feepe/feature_matching_eval_hallucination/data/query/low/4_Use the right hand to close waffle maker/frame_0046.png,low,1
4_Use the right hand to close waffle maker,/mnt/data/sftp/data/quangpt3/gcvwm/calibration/feepe/feature_matching_eval_hallucination/data/query/low/4_Use the right hand to close waffle maker/frame_0048.png,low,1
4_Use the right hand to close waffle maker,/mnt/data/sftp/data/quangpt3/gcvwm/calibration/feepe/feature_matching_eval_hallucination/data/query/low/4_Use the right hand to close waffle maker/frame_0050.png,low,1
4_Use the right hand to close waffle maker,/mnt/data/sftp/data/quangpt3/gcvwm/calibration/feepe/feature_matching_eval_hallucination/data/query/low/4_Use the right hand to close waffle maker/frame_0052.png,low,1
4_Use the right hand to close waffle maker,/mnt/data/sftp/data/quangpt3/gcvwm/calibration/feepe/feature_matching_eval_hallucination/data/query/low/4_Use the right hand to close waffle maker/frame_0054.png,low,1
4_Use the right hand to close waffle maker,/mnt/data/sftp/data/quangpt3/gcvwm/calibration/feepe/feature_matching_eval_hallucination/data/query/low/4_Use the right hand to close waffle maker/frame_0056.png,low,1
4_Use the right hand to close waffle maker,/mnt/data/sftp/data/quangpt3/gcvwm/calibration/feepe/feature_matching_eval_hallucination/data/query/low/4_Use the right hand to close waffle maker/frame_0058.png,low,1
4_Use the right hand to close waffle maker,/mnt/data/sftp/data/quangpt3/gcvwm/calibration/feepe/feature_matching_eval_hallucination/data/query/low/4_Use the right hand to close waffle maker/frame_0060.png,low,1
4_Use the right hand to close waffle maker,/mnt/data/sftp/data/quangpt3/gcvwm/calibration/feepe/feature_matching_eval_hallucination/data/query/low/4_Use the right hand to close waffle maker/frame_0061.png,low,1
4_Use the right hand to close waffle maker,/mnt/data/sftp/data/quangpt3/gcvwm/calibration/feepe/feature_matching_eval_hallucination/data/query/low/4_Use the right hand to close waffle maker/frame_0063.png,low,1
4_Use the right hand to close waffle maker,/mnt/data/sftp/data/quangpt3/gcvwm/calibration/feepe/feature_matching_eval_hallucination/data/query/low/4_Use the right hand to close waffle maker/frame_0065.png,low,1
4_Use the right hand to close waffle maker,/mnt/data/sftp/data/quangpt3/gcvwm/calibration/feepe/feature_matching_eval_hallucination/data/query/low/4_Use the right hand to close waffle maker/frame_0067.png,low,1
4_Use the right hand to close waffle maker,/mnt/data/sftp/data/quangpt3/gcvwm/calibration/feepe/feature_matching_eval_hallucination/data/query/low/4_Use the right hand to close waffle maker/frame_0069.png,low,1
4_Use the right hand to close waffle maker,/mnt/data/sftp/data/quangpt3/gcvwm/calibration/feepe/feature_matching_eval_hallucination/data/query/low/4_Use the right hand to close waffle maker/frame_0071.png,low,1
4_Use the right hand to close waffle maker,/mnt/data/sftp/data/quangpt3/gcvwm/calibration/feepe/feature_matching_eval_hallucination/data/query/low/4_Use the right hand to close waffle maker/frame_0073.png,low,1
4_Use the right hand to close waffle maker,/mnt/data/sftp/data/quangpt3/gcvwm/calibration/feepe/feature_matching_eval_hallucination/data/query/low/4_Use the right hand to close waffle maker/frame_0075.png,low,1
4_Use the right hand to close waffle maker,/mnt/data/sftp/data/quangpt3/gcvwm/calibration/feepe/feature_matching_eval_hallucination/data/query/low/4_Use the right hand to close waffle maker/frame_0076.png,low,1
4_Use the right hand to close waffle maker,/mnt/data/sftp/data/quangpt3/gcvwm/calibration/feepe/feature_matching_eval_hallucination/data/query/low/4_Use the right hand to close waffle maker/frame_0078.png,low,1
4_Use the right hand to close waffle maker,/mnt/data/sftp/data/quangpt3/gcvwm/calibration/feepe/feature_matching_eval_hallucination/data/query/low/4_Use the right hand to close waffle maker/frame_0080.png,low,1
4_Use the right hand to close waffle maker,/mnt/data/sftp/data/quangpt3/gcvwm/calibration/feepe/feature_matching_eval_hallucination/data/query/low/4_Use the right hand to close waffle maker/frame_0082.png,low,1
4_Use the right hand to close waffle maker,/mnt/data/sftp/data/quangpt3/gcvwm/calibration/feepe/feature_matching_eval_hallucination/data/query/low/4_Use the right hand to close waffle maker/frame_0084.png,low,1
4_Use the right hand to close waffle maker,/mnt/data/sftp/data/quangpt3/gcvwm/calibration/feepe/feature_matching_eval_hallucination/data/query/low/4_Use the right hand to close waffle maker/frame_0086.png,low,1
4_Use the right hand to close waffle maker,/mnt/data/sftp/data/quangpt3/gcvwm/calibration/feepe/feature_matching_eval_hallucination/data/query/low/4_Use the right hand to close waffle maker/frame_0088.png,low,1
4_Use the right hand to close waffle maker,/mnt/data/sftp/data/quangpt3/gcvwm/calibration/feepe/feature_matching_eval_hallucination/data/query/low/4_Use the right hand to close waffle maker/frame_0090.png,low,1
4_Use the right hand to close waffle maker,/mnt/data/sftp/data/quangpt3/gcvwm/calibration/feepe/feature_matching_eval_hallucination/data/query/low/4_Use the right hand to close waffle maker/frame_0092.png,low,1
5_Use the right hand to pick up green bok choy from top tier of two tier black and white shelf to brown paper bag.,/mnt/data/sftp/data/quangpt3/gcvwm/calibration/feepe/feature_matching_eval_hallucination/data/query/low/5_Use the right hand to pick up green bok choy from top tier of two tier black and white shelf to brown paper bag./frame_0000.png,low,1
5_Use the right hand to pick up green bok choy from top tier of two tier black and white shelf to brown paper bag.,/mnt/data/sftp/data/quangpt3/gcvwm/calibration/feepe/feature_matching_eval_hallucination/data/query/low/5_Use the right hand to pick up green bok choy from top tier of two tier black and white shelf to brown paper bag./frame_0001.png,low,1
5_Use the right hand to pick up green bok choy from top tier of two tier black and white shelf to brown paper bag.,/mnt/data/sftp/data/quangpt3/gcvwm/calibration/feepe/feature_matching_eval_hallucination/data/query/low/5_Use the right hand to pick up green bok choy from top tier of two tier black and white shelf to brown paper bag./frame_0002.png,low,1
5_Use the right hand to pick up green bok choy from top tier of two tier black and white shelf to brown paper bag.,/mnt/data/sftp/data/quangpt3/gcvwm/calibration/feepe/feature_matching_eval_hallucination/data/query/low/5_Use the right hand to pick up green bok choy from top tier of two tier black and white shelf to brown paper bag./frame_0003.png,low,1
5_Use the right hand to pick up green bok choy from top tier of two tier black and white shelf to brown paper bag.,/mnt/data/sftp/data/quangpt3/gcvwm/calibration/feepe/feature_matching_eval_hallucination/data/query/low/5_Use the right hand to pick up green bok choy from top tier of two tier black and white shelf to brown paper bag./frame_0004.png,low,1
5_Use the right hand to pick up green bok choy from top tier of two tier black and white shelf to brown paper bag.,/mnt/data/sftp/data/quangpt3/gcvwm/calibration/feepe/feature_matching_eval_hallucination/data/query/low/5_Use the right hand to pick up green bok choy from top tier of two tier black and white shelf to brown paper bag./frame_0005.png,low,1
5_Use the right hand to pick up green bok choy from top tier of two tier black and white shelf to brown paper bag.,/mnt/data/sftp/data/quangpt3/gcvwm/calibration/feepe/feature_matching_eval_hallucination/data/query/low/5_Use the right hand to pick up green bok choy from top tier of two tier black and white shelf to brown paper bag./frame_0006.png,low,1
5_Use the right hand to pick up green bok choy from top tier of two tier black and white shelf to brown paper bag.,/mnt/data/sftp/data/quangpt3/gcvwm/calibration/feepe/feature_matching_eval_hallucination/data/query/low/5_Use the right hand to pick up green bok choy from top tier of two tier black and white shelf to brown paper bag./frame_0007.png,low,1
5_Use the right hand to pick up green bok choy from top tier of two tier black and white shelf to brown paper bag.,/mnt/data/sftp/data/quangpt3/gcvwm/calibration/feepe/feature_matching_eval_hallucination/data/query/low/5_Use the right hand to pick up green bok choy from top tier of two tier black and white shelf to brown paper bag./frame_0009.png,low,1
5_Use the right hand to pick up green bok choy from top tier of two tier black and white shelf to brown paper bag.,/mnt/data/sftp/data/quangpt3/gcvwm/calibration/feepe/feature_matching_eval_hallucination/data/query/low/5_Use the right hand to pick up green bok choy from top tier of two tier black and white shelf to brown paper bag./frame_0011.png,low,1
5_Use the right hand to pick up green bok choy from top tier of two tier black and white shelf to brown paper bag.,/mnt/data/sftp/data/quangpt3/gcvwm/calibration/feepe/feature_matching_eval_hallucination/data/query/low/5_Use the right hand to pick up green bok choy from top tier of two tier black and white shelf to brown paper bag./frame_0013.png,low,1
5_Use the right hand to pick up green bok choy from top tier of two tier black and white shelf to brown paper bag.,/mnt/data/sftp/data/quangpt3/gcvwm/calibration/feepe/feature_matching_eval_hallucination/data/query/low/5_Use the right hand to pick up green bok choy from top tier of two tier black and white shelf to brown paper bag./frame_0015.png,low,1
5_Use the right hand to pick up green bok choy from top tier of two tier black and white shelf to brown paper bag.,/mnt/data/sftp/data/quangpt3/gcvwm/calibration/feepe/feature_matching_eval_hallucination/data/query/low/5_Use the right hand to pick up green bok choy from top tier of two tier black and white shelf to brown paper bag./frame_0016.png,low,1
5_Use the right hand to pick up green bok choy from top tier of two tier black and white shelf to brown paper bag.,/mnt/data/sftp/data/quangpt3/gcvwm/calibration/feepe/feature_matching_eval_hallucination/data/query/low/5_Use the right hand to pick up green bok choy from top tier of two tier black and white shelf to brown paper bag./frame_0018.png,low,1
5_Use the right hand to pick up green bok choy from top tier of two tier black and white shelf to brown paper bag.,/mnt/data/sftp/data/quangpt3/gcvwm/calibration/feepe/feature_matching_eval_hallucination/data/query/low/5_Use the right hand to pick up green bok choy from top tier of two tier black and white shelf to brown paper bag./frame_0020.png,low,1
5_Use the right hand to pick up green bok choy from top tier of two tier black and white shelf to brown paper bag.,/mnt/data/sftp/data/quangpt3/gcvwm/calibration/feepe/feature_matching_eval_hallucination/data/query/low/5_Use the right hand to pick up green bok choy from top tier of two tier black and white shelf to brown paper bag./frame_0022.png,low,1
5_Use the right hand to pick up green bok choy from top tier of two tier black and white shelf to brown paper bag.,/mnt/data/sftp/data/quangpt3/gcvwm/calibration/feepe/feature_matching_eval_hallucination/data/query/low/5_Use the right hand to pick up green bok choy from top tier of two tier black and white shelf to brown paper bag./frame_0024.png,low,1
5_Use the right hand to pick up green bok choy from top tier of two tier black and white shelf to brown paper bag.,/mnt/data/sftp/data/quangpt3/gcvwm/calibration/feepe/feature_matching_eval_hallucination/data/query/low/5_Use the right hand to pick up green bok choy from top tier of two tier black and white shelf to brown paper bag./frame_0026.png,low,1
5_Use the right hand to pick up green bok choy from top tier of two tier black and white shelf to brown paper bag.,/mnt/data/sftp/data/quangpt3/gcvwm/calibration/feepe/feature_matching_eval_hallucination/data/query/low/5_Use the right hand to pick up green bok choy from top tier of two tier black and white shelf to brown paper bag./frame_0028.png,low,1
5_Use the right hand to pick up green bok choy from top tier of two tier black and white shelf to brown paper bag.,/mnt/data/sftp/data/quangpt3/gcvwm/calibration/feepe/feature_matching_eval_hallucination/data/query/low/5_Use the right hand to pick up green bok choy from top tier of two tier black and white shelf to brown paper bag./frame_0030.png,low,1
5_Use the right hand to pick up green bok choy from top tier of two tier black and white shelf to brown paper bag.,/mnt/data/sftp/data/quangpt3/gcvwm/calibration/feepe/feature_matching_eval_hallucination/data/query/low/5_Use the right hand to pick up green bok choy from top tier of two tier black and white shelf to brown paper bag./frame_0031.png,low,1
5_Use the right hand to pick up green bok choy from top tier of two tier black and white shelf to brown paper bag.,/mnt/data/sftp/data/quangpt3/gcvwm/calibration/feepe/feature_matching_eval_hallucination/data/query/low/5_Use the right hand to pick up green bok choy from top tier of two tier black and white shelf to brown paper bag./frame_0033.png,low,1
5_Use the right hand to pick up green bok choy from top tier of two tier black and white shelf to brown paper bag.,/mnt/data/sftp/data/quangpt3/gcvwm/calibration/feepe/feature_matching_eval_hallucination/data/query/low/5_Use the right hand to pick up green bok choy from top tier of two tier black and white shelf to brown paper bag./frame_0035.png,low,1
5_Use the right hand to pick up green bok choy from top tier of two tier black and white shelf to brown paper bag.,/mnt/data/sftp/data/quangpt3/gcvwm/calibration/feepe/feature_matching_eval_hallucination/data/query/low/5_Use the right hand to pick up green bok choy from top tier of two tier black and white shelf to brown paper bag./frame_0037.png,low,1
5_Use the right hand to pick up green bok choy from top tier of two tier black and white shelf to brown paper bag.,/mnt/data/sftp/data/quangpt3/gcvwm/calibration/feepe/feature_matching_eval_hallucination/data/query/low/5_Use the right hand to pick up green bok choy from top tier of two tier black and white shelf to brown paper bag./frame_0039.png,low,1
5_Use the right hand to pick up green bok choy from top tier of two tier black and white shelf to brown paper bag.,/mnt/data/sftp/data/quangpt3/gcvwm/calibration/feepe/feature_matching_eval_hallucination/data/query/low/5_Use the right hand to pick up green bok choy from top tier of two tier black and white shelf to brown paper bag./frame_0041.png,low,1
5_Use the right hand to pick up green bok choy from top tier of two tier black and white shelf to brown paper bag.,/mnt/data/sftp/data/quangpt3/gcvwm/calibration/feepe/feature_matching_eval_hallucination/data/query/low/5_Use the right hand to pick up green bok choy from top tier of two tier black and white shelf to brown paper bag./frame_0043.png,low,1
5_Use the right hand to pick up green bok choy from top tier of two tier black and white shelf to brown paper bag.,/mnt/data/sftp/data/quangpt3/gcvwm/calibration/feepe/feature_matching_eval_hallucination/data/query/low/5_Use the right hand to pick up green bok choy from top tier of two tier black and white shelf to brown paper bag./frame_0045.png,low,1
5_Use the right hand to pick up green bok choy from top tier of two tier black and white shelf to brown paper bag.,/mnt/data/sftp/data/quangpt3/gcvwm/calibration/feepe/feature_matching_eval_hallucination/data/query/low/5_Use the right hand to pick up green bok choy from top tier of two tier black and white shelf to brown paper bag./frame_0046.png,low,1
5_Use the right hand to pick up green bok choy from top tier of two tier black and white shelf to brown paper bag.,/mnt/data/sftp/data/quangpt3/gcvwm/calibration/feepe/feature_matching_eval_hallucination/data/query/low/5_Use the right hand to pick up green bok choy from top tier of two tier black and white shelf to brown paper bag./frame_0048.png,low,1
5_Use the right hand to pick up green bok choy from top tier of two tier black and white shelf to brown paper bag.,/mnt/data/sftp/data/quangpt3/gcvwm/calibration/feepe/feature_matching_eval_hallucination/data/query/low/5_Use the right hand to pick up green bok choy from top tier of two tier black and white shelf to brown paper bag./frame_0050.png,low,1
5_Use the right hand to pick up green bok choy from top tier of two tier black and white shelf to brown paper bag.,/mnt/data/sftp/data/quangpt3/gcvwm/calibration/feepe/feature_matching_eval_hallucination/data/query/low/5_Use the right hand to pick up green bok choy from top tier of two tier black and white shelf to brown paper bag./frame_0052.png,low,1
5_Use the right hand to pick up green bok choy from top tier of two tier black and white shelf to brown paper bag.,/mnt/data/sftp/data/quangpt3/gcvwm/calibration/feepe/feature_matching_eval_hallucination/data/query/low/5_Use the right hand to pick up green bok choy from top tier of two tier black and white shelf to brown paper bag./frame_0054.png,low,1
5_Use the right hand to pick up green bok choy from top tier of two tier black and white shelf to brown paper bag.,/mnt/data/sftp/data/quangpt3/gcvwm/calibration/feepe/feature_matching_eval_hallucination/data/query/low/5_Use the right hand to pick up green bok choy from top tier of two tier black and white shelf to brown paper bag./frame_0056.png,low,1
5_Use the right hand to pick up green bok choy from top tier of two tier black and white shelf to brown paper bag.,/mnt/data/sftp/data/quangpt3/gcvwm/calibration/feepe/feature_matching_eval_hallucination/data/query/low/5_Use the right hand to pick up green bok choy from top tier of two tier black and white shelf to brown paper bag./frame_0058.png,low,1
5_Use the right hand to pick up green bok choy from top tier of two tier black and white shelf to brown paper bag.,/mnt/data/sftp/data/quangpt3/gcvwm/calibration/feepe/feature_matching_eval_hallucination/data/query/low/5_Use the right hand to pick up green bok choy from top tier of two tier black and white shelf to brown paper bag./frame_0060.png,low,1
5_Use the right hand to pick up green bok choy from top tier of two tier black and white shelf to brown paper bag.,/mnt/data/sftp/data/quangpt3/gcvwm/calibration/feepe/feature_matching_eval_hallucination/data/query/low/5_Use the right hand to pick up green bok choy from top tier of two tier black and white shelf to brown paper bag./frame_0061.png,low,1
5_Use the right hand to pick up green bok choy from top tier of two tier black and white shelf to brown paper bag.,/mnt/data/sftp/data/quangpt3/gcvwm/calibration/feepe/feature_matching_eval_hallucination/data/query/low/5_Use the right hand to pick up green bok choy from top tier of two tier black and white shelf to brown paper bag./frame_0063.png,low,1
5_Use the right hand to pick up green bok choy from top tier of two tier black and white shelf to brown paper bag.,/mnt/data/sftp/data/quangpt3/gcvwm/calibration/feepe/feature_matching_eval_hallucination/data/query/low/5_Use the right hand to pick up green bok choy from top tier of two tier black and white shelf to brown paper bag./frame_0065.png,low,1
5_Use the right hand to pick up green bok choy from top tier of two tier black and white shelf to brown paper bag.,/mnt/data/sftp/data/quangpt3/gcvwm/calibration/feepe/feature_matching_eval_hallucination/data/query/low/5_Use the right hand to pick up green bok choy from top tier of two tier black and white shelf to brown paper bag./frame_0067.png,low,1
5_Use the right hand to pick up green bok choy from top tier of two tier black and white shelf to brown paper bag.,/mnt/data/sftp/data/quangpt3/gcvwm/calibration/feepe/feature_matching_eval_hallucination/data/query/low/5_Use the right hand to pick up green bok choy from top tier of two tier black and white shelf to brown paper bag./frame_0069.png,low,1
5_Use the right hand to pick up green bok choy from top tier of two tier black and white shelf to brown paper bag.,/mnt/data/sftp/data/quangpt3/gcvwm/calibration/feepe/feature_matching_eval_hallucination/data/query/low/5_Use the right hand to pick up green bok choy from top tier of two tier black and white shelf to brown paper bag./frame_0071.png,low,1
5_Use the right hand to pick up green bok choy from top tier of two tier black and white shelf to brown paper bag.,/mnt/data/sftp/data/quangpt3/gcvwm/calibration/feepe/feature_matching_eval_hallucination/data/query/low/5_Use the right hand to pick up green bok choy from top tier of two tier black and white shelf to brown paper bag./frame_0073.png,low,1
5_Use the right hand to pick up green bok choy from top tier of two tier black and white shelf to brown paper bag.,/mnt/data/sftp/data/quangpt3/gcvwm/calibration/feepe/feature_matching_eval_hallucination/data/query/low/5_Use the right hand to pick up green bok choy from top tier of two tier black and white shelf to brown paper bag./frame_0075.png,low,1
5_Use the right hand to pick up green bok choy from top tier of two tier black and white shelf to brown paper bag.,/mnt/data/sftp/data/quangpt3/gcvwm/calibration/feepe/feature_matching_eval_hallucination/data/query/low/5_Use the right hand to pick up green bok choy from top tier of two tier black and white shelf to brown paper bag./frame_0076.png,low,1
5_Use the right hand to pick up green bok choy from top tier of two tier black and white shelf to brown paper bag.,/mnt/data/sftp/data/quangpt3/gcvwm/calibration/feepe/feature_matching_eval_hallucination/data/query/low/5_Use the right hand to pick up green bok choy from top tier of two tier black and white shelf to brown paper bag./frame_0078.png,low,1
5_Use the right hand to pick up green bok choy from top tier of two tier black and white shelf to brown paper bag.,/mnt/data/sftp/data/quangpt3/gcvwm/calibration/feepe/feature_matching_eval_hallucination/data/query/low/5_Use the right hand to pick up green bok choy from top tier of two tier black and white shelf to brown paper bag./frame_0080.png,low,1
5_Use the right hand to pick up green bok choy from top tier of two tier black and white shelf to brown paper bag.,/mnt/data/sftp/data/quangpt3/gcvwm/calibration/feepe/feature_matching_eval_hallucination/data/query/low/5_Use the right hand to pick up green bok choy from top tier of two tier black and white shelf to brown paper bag./frame_0082.png,low,1
5_Use the right hand to pick up green bok choy from top tier of two tier black and white shelf to brown paper bag.,/mnt/data/sftp/data/quangpt3/gcvwm/calibration/feepe/feature_matching_eval_hallucination/data/query/low/5_Use the right hand to pick up green bok choy from top tier of two tier black and white shelf to brown paper bag./frame_0084.png,low,1
5_Use the right hand to pick up green bok choy from top tier of two tier black and white shelf to brown paper bag.,/mnt/data/sftp/data/quangpt3/gcvwm/calibration/feepe/feature_matching_eval_hallucination/data/query/low/5_Use the right hand to pick up green bok choy from top tier of two tier black and white shelf to brown paper bag./frame_0086.png,low,1
5_Use the right hand to pick up green bok choy from top tier of two tier black and white shelf to brown paper bag.,/mnt/data/sftp/data/quangpt3/gcvwm/calibration/feepe/feature_matching_eval_hallucination/data/query/low/5_Use the right hand to pick up green bok choy from top tier of two tier black and white shelf to brown paper bag./frame_0088.png,low,1
5_Use the right hand to pick up green bok choy from top tier of two tier black and white shelf to brown paper bag.,/mnt/data/sftp/data/quangpt3/gcvwm/calibration/feepe/feature_matching_eval_hallucination/data/query/low/5_Use the right hand to pick up green bok choy from top tier of two tier black and white shelf to brown paper bag./frame_0090.png,low,1
5_Use the right hand to pick up green bok choy from top tier of two tier black and white shelf to brown paper bag.,/mnt/data/sftp/data/quangpt3/gcvwm/calibration/feepe/feature_matching_eval_hallucination/data/query/low/5_Use the right hand to pick up green bok choy from top tier of two tier black and white shelf to brown paper bag./frame_0092.png,low,1
6_Use the right hand to pick up orange from center of the table to lower level white shelf on the right side of the table.,/mnt/data/sftp/data/quangpt3/gcvwm/calibration/feepe/feature_matching_eval_hallucination/data/query/low/6_Use the right hand to pick up orange from center of the table to lower level white shelf on the right side of the table./frame_0000.png,low,1
6_Use the right hand to pick up orange from center of the table to lower level white shelf on the right side of the table.,/mnt/data/sftp/data/quangpt3/gcvwm/calibration/feepe/feature_matching_eval_hallucination/data/query/low/6_Use the right hand to pick up orange from center of the table to lower level white shelf on the right side of the table./frame_0001.png,low,1
6_Use the right hand to pick up orange from center of the table to lower level white shelf on the right side of the table.,/mnt/data/sftp/data/quangpt3/gcvwm/calibration/feepe/feature_matching_eval_hallucination/data/query/low/6_Use the right hand to pick up orange from center of the table to lower level white shelf on the right side of the table./frame_0002.png,low,1
6_Use the right hand to pick up orange from center of the table to lower level white shelf on the right side of the table.,/mnt/data/sftp/data/quangpt3/gcvwm/calibration/feepe/feature_matching_eval_hallucination/data/query/low/6_Use the right hand to pick up orange from center of the table to lower level white shelf on the right side of the table./frame_0003.png,low,1
6_Use the right hand to pick up orange from center of the table to lower level white shelf on the right side of the table.,/mnt/data/sftp/data/quangpt3/gcvwm/calibration/feepe/feature_matching_eval_hallucination/data/query/low/6_Use the right hand to pick up orange from center of the table to lower level white shelf on the right side of the table./frame_0004.png,low,1
6_Use the right hand to pick up orange from center of the table to lower level white shelf on the right side of the table.,/mnt/data/sftp/data/quangpt3/gcvwm/calibration/feepe/feature_matching_eval_hallucination/data/query/low/6_Use the right hand to pick up orange from center of the table to lower level white shelf on the right side of the table./frame_0005.png,low,1
6_Use the right hand to pick up orange from center of the table to lower level white shelf on the right side of the table.,/mnt/data/sftp/data/quangpt3/gcvwm/calibration/feepe/feature_matching_eval_hallucination/data/query/low/6_Use the right hand to pick up orange from center of the table to lower level white shelf on the right side of the table./frame_0006.png,low,1
6_Use the right hand to pick up orange from center of the table to lower level white shelf on the right side of the table.,/mnt/data/sftp/data/quangpt3/gcvwm/calibration/feepe/feature_matching_eval_hallucination/data/query/low/6_Use the right hand to pick up orange from center of the table to lower level white shelf on the right side of the table./frame_0007.png,low,1
6_Use the right hand to pick up orange from center of the table to lower level white shelf on the right side of the table.,/mnt/data/sftp/data/quangpt3/gcvwm/calibration/feepe/feature_matching_eval_hallucination/data/query/low/6_Use the right hand to pick up orange from center of the table to lower level white shelf on the right side of the table./frame_0009.png,low,1
6_Use the right hand to pick up orange from center of the table to lower level white shelf on the right side of the table.,/mnt/data/sftp/data/quangpt3/gcvwm/calibration/feepe/feature_matching_eval_hallucination/data/query/low/6_Use the right hand to pick up orange from center of the table to lower level white shelf on the right side of the table./frame_0011.png,low,1
6_Use the right hand to pick up orange from center of the table to lower level white shelf on the right side of the table.,/mnt/data/sftp/data/quangpt3/gcvwm/calibration/feepe/feature_matching_eval_hallucination/data/query/low/6_Use the right hand to pick up orange from center of the table to lower level white shelf on the right side of the table./frame_0013.png,low,1
6_Use the right hand to pick up orange from center of the table to lower level white shelf on the right side of the table.,/mnt/data/sftp/data/quangpt3/gcvwm/calibration/feepe/feature_matching_eval_hallucination/data/query/low/6_Use the right hand to pick up orange from center of the table to lower level white shelf on the right side of the table./frame_0015.png,low,1
6_Use the right hand to pick up orange from center of the table to lower level white shelf on the right side of the table.,/mnt/data/sftp/data/quangpt3/gcvwm/calibration/feepe/feature_matching_eval_hallucination/data/query/low/6_Use the right hand to pick up orange from center of the table to lower level white shelf on the right side of the table./frame_0016.png,low,1
6_Use the right hand to pick up orange from center of the table to lower level white shelf on the right side of the table.,/mnt/data/sftp/data/quangpt3/gcvwm/calibration/feepe/feature_matching_eval_hallucination/data/query/low/6_Use the right hand to pick up orange from center of the table to lower level white shelf on the right side of the table./frame_0018.png,low,1
6_Use the right hand to pick up orange from center of the table to lower level white shelf on the right side of the table.,/mnt/data/sftp/data/quangpt3/gcvwm/calibration/feepe/feature_matching_eval_hallucination/data/query/low/6_Use the right hand to pick up orange from center of the table to lower level white shelf on the right side of the table./frame_0020.png,low,1
6_Use the right hand to pick up orange from center of the table to lower level white shelf on the right side of the table.,/mnt/data/sftp/data/quangpt3/gcvwm/calibration/feepe/feature_matching_eval_hallucination/data/query/low/6_Use the right hand to pick up orange from center of the table to lower level white shelf on the right side of the table./frame_0022.png,low,1
6_Use the right hand to pick up orange from center of the table to lower level white shelf on the right side of the table.,/mnt/data/sftp/data/quangpt3/gcvwm/calibration/feepe/feature_matching_eval_hallucination/data/query/low/6_Use the right hand to pick up orange from center of the table to lower level white shelf on the right side of the table./frame_0024.png,low,1
6_Use the right hand to pick up orange from center of the table to lower level white shelf on the right side of the table.,/mnt/data/sftp/data/quangpt3/gcvwm/calibration/feepe/feature_matching_eval_hallucination/data/query/low/6_Use the right hand to pick up orange from center of the table to lower level white shelf on the right side of the table./frame_0026.png,low,1
6_Use the right hand to pick up orange from center of the table to lower level white shelf on the right side of the table.,/mnt/data/sftp/data/quangpt3/gcvwm/calibration/feepe/feature_matching_eval_hallucination/data/query/low/6_Use the right hand to pick up orange from center of the table to lower level white shelf on the right side of the table./frame_0028.png,low,1
6_Use the right hand to pick up orange from center of the table to lower level white shelf on the right side of the table.,/mnt/data/sftp/data/quangpt3/gcvwm/calibration/feepe/feature_matching_eval_hallucination/data/query/low/6_Use the right hand to pick up orange from center of the table to lower level white shelf on the right side of the table./frame_0030.png,low,1
6_Use the right hand to pick up orange from center of the table to lower level white shelf on the right side of the table.,/mnt/data/sftp/data/quangpt3/gcvwm/calibration/feepe/feature_matching_eval_hallucination/data/query/low/6_Use the right hand to pick up orange from center of the table to lower level white shelf on the right side of the table./frame_0031.png,low,1
6_Use the right hand to pick up orange from center of the table to lower level white shelf on the right side of the table.,/mnt/data/sftp/data/quangpt3/gcvwm/calibration/feepe/feature_matching_eval_hallucination/data/query/low/6_Use the right hand to pick up orange from center of the table to lower level white shelf on the right side of the table./frame_0033.png,low,1
6_Use the right hand to pick up orange from center of the table to lower level white shelf on the right side of the table.,/mnt/data/sftp/data/quangpt3/gcvwm/calibration/feepe/feature_matching_eval_hallucination/data/query/low/6_Use the right hand to pick up orange from center of the table to lower level white shelf on the right side of the table./frame_0035.png,low,1
6_Use the right hand to pick up orange from center of the table to lower level white shelf on the right side of the table.,/mnt/data/sftp/data/quangpt3/gcvwm/calibration/feepe/feature_matching_eval_hallucination/data/query/low/6_Use the right hand to pick up orange from center of the table to lower level white shelf on the right side of the table./frame_0037.png,low,1
6_Use the right hand to pick up orange from center of the table to lower level white shelf on the right side of the table.,/mnt/data/sftp/data/quangpt3/gcvwm/calibration/feepe/feature_matching_eval_hallucination/data/query/low/6_Use the right hand to pick up orange from center of the table to lower level white shelf on the right side of the table./frame_0039.png,low,1
6_Use the right hand to pick up orange from center of the table to lower level white shelf on the right side of the table.,/mnt/data/sftp/data/quangpt3/gcvwm/calibration/feepe/feature_matching_eval_hallucination/data/query/low/6_Use the right hand to pick up orange from center of the table to lower level white shelf on the right side of the table./frame_0041.png,low,1
6_Use the right hand to pick up orange from center of the table to lower level white shelf on the right side of the table.,/mnt/data/sftp/data/quangpt3/gcvwm/calibration/feepe/feature_matching_eval_hallucination/data/query/low/6_Use the right hand to pick up orange from center of the table to lower level white shelf on the right side of the table./frame_0043.png,low,1
6_Use the right hand to pick up orange from center of the table to lower level white shelf on the right side of the table.,/mnt/data/sftp/data/quangpt3/gcvwm/calibration/feepe/feature_matching_eval_hallucination/data/query/low/6_Use the right hand to pick up orange from center of the table to lower level white shelf on the right side of the table./frame_0045.png,low,1
6_Use the right hand to pick up orange from center of the table to lower level white shelf on the right side of the table.,/mnt/data/sftp/data/quangpt3/gcvwm/calibration/feepe/feature_matching_eval_hallucination/data/query/low/6_Use the right hand to pick up orange from center of the table to lower level white shelf on the right side of the table./frame_0046.png,low,1
6_Use the right hand to pick up orange from center of the table to lower level white shelf on the right side of the table.,/mnt/data/sftp/data/quangpt3/gcvwm/calibration/feepe/feature_matching_eval_hallucination/data/query/low/6_Use the right hand to pick up orange from center of the table to lower level white shelf on the right side of the table./frame_0048.png,low,1
6_Use the right hand to pick up orange from center of the table to lower level white shelf on the right side of the table.,/mnt/data/sftp/data/quangpt3/gcvwm/calibration/feepe/feature_matching_eval_hallucination/data/query/low/6_Use the right hand to pick up orange from center of the table to lower level white shelf on the right side of the table./frame_0050.png,low,1
6_Use the right hand to pick up orange from center of the table to lower level white shelf on the right side of the table.,/mnt/data/sftp/data/quangpt3/gcvwm/calibration/feepe/feature_matching_eval_hallucination/data/query/low/6_Use the right hand to pick up orange from center of the table to lower level white shelf on the right side of the table./frame_0052.png,low,1
6_Use the right hand to pick up orange from center of the table to lower level white shelf on the right side of the table.,/mnt/data/sftp/data/quangpt3/gcvwm/calibration/feepe/feature_matching_eval_hallucination/data/query/low/6_Use the right hand to pick up orange from center of the table to lower level white shelf on the right side of the table./frame_0054.png,low,1
6_Use the right hand to pick up orange from center of the table to lower level white shelf on the right side of the table.,/mnt/data/sftp/data/quangpt3/gcvwm/calibration/feepe/feature_matching_eval_hallucination/data/query/low/6_Use the right hand to pick up orange from center of the table to lower level white shelf on the right side of the table./frame_0056.png,low,1
6_Use the right hand to pick up orange from center of the table to lower level white shelf on the right side of the table.,/mnt/data/sftp/data/quangpt3/gcvwm/calibration/feepe/feature_matching_eval_hallucination/data/query/low/6_Use the right hand to pick up orange from center of the table to lower level white shelf on the right side of the table./frame_0058.png,low,1
6_Use the right hand to pick up orange from center of the table to lower level white shelf on the right side of the table.,/mnt/data/sftp/data/quangpt3/gcvwm/calibration/feepe/feature_matching_eval_hallucination/data/query/low/6_Use the right hand to pick up orange from center of the table to lower level white shelf on the right side of the table./frame_0060.png,low,1
6_Use the right hand to pick up orange from center of the table to lower level white shelf on the right side of the table.,/mnt/data/sftp/data/quangpt3/gcvwm/calibration/feepe/feature_matching_eval_hallucination/data/query/low/6_Use the right hand to pick up orange from center of the table to lower level white shelf on the right side of the table./frame_0061.png,low,1
6_Use the right hand to pick up orange from center of the table to lower level white shelf on the right side of the table.,/mnt/data/sftp/data/quangpt3/gcvwm/calibration/feepe/feature_matching_eval_hallucination/data/query/low/6_Use the right hand to pick up orange from center of the table to lower level white shelf on the right side of the table./frame_0063.png,low,1
6_Use the right hand to pick up orange from center of the table to lower level white shelf on the right side of the table.,/mnt/data/sftp/data/quangpt3/gcvwm/calibration/feepe/feature_matching_eval_hallucination/data/query/low/6_Use the right hand to pick up orange from center of the table to lower level white shelf on the right side of the table./frame_0065.png,low,1
6_Use the right hand to pick up orange from center of the table to lower level white shelf on the right side of the table.,/mnt/data/sftp/data/quangpt3/gcvwm/calibration/feepe/feature_matching_eval_hallucination/data/query/low/6_Use the right hand to pick up orange from center of the table to lower level white shelf on the right side of the table./frame_0067.png,low,1
6_Use the right hand to pick up orange from center of the table to lower level white shelf on the right side of the table.,/mnt/data/sftp/data/quangpt3/gcvwm/calibration/feepe/feature_matching_eval_hallucination/data/query/low/6_Use the right hand to pick up orange from center of the table to lower level white shelf on the right side of the table./frame_0069.png,low,1
6_Use the right hand to pick up orange from center of the table to lower level white shelf on the right side of the table.,/mnt/data/sftp/data/quangpt3/gcvwm/calibration/feepe/feature_matching_eval_hallucination/data/query/low/6_Use the right hand to pick up orange from center of the table to lower level white shelf on the right side of the table./frame_0071.png,low,1
6_Use the right hand to pick up orange from center of the table to lower level white shelf on the right side of the table.,/mnt/data/sftp/data/quangpt3/gcvwm/calibration/feepe/feature_matching_eval_hallucination/data/query/low/6_Use the right hand to pick up orange from center of the table to lower level white shelf on the right side of the table./frame_0073.png,low,1
6_Use the right hand to pick up orange from center of the table to lower level white shelf on the right side of the table.,/mnt/data/sftp/data/quangpt3/gcvwm/calibration/feepe/feature_matching_eval_hallucination/data/query/low/6_Use the right hand to pick up orange from center of the table to lower level white shelf on the right side of the table./frame_0075.png,low,1
6_Use the right hand to pick up orange from center of the table to lower level white shelf on the right side of the table.,/mnt/data/sftp/data/quangpt3/gcvwm/calibration/feepe/feature_matching_eval_hallucination/data/query/low/6_Use the right hand to pick up orange from center of the table to lower level white shelf on the right side of the table./frame_0076.png,low,1
6_Use the right hand to pick up orange from center of the table to lower level white shelf on the right side of the table.,/mnt/data/sftp/data/quangpt3/gcvwm/calibration/feepe/feature_matching_eval_hallucination/data/query/low/6_Use the right hand to pick up orange from center of the table to lower level white shelf on the right side of the table./frame_0078.png,low,1
6_Use the right hand to pick up orange from center of the table to lower level white shelf on the right side of the table.,/mnt/data/sftp/data/quangpt3/gcvwm/calibration/feepe/feature_matching_eval_hallucination/data/query/low/6_Use the right hand to pick up orange from center of the table to lower level white shelf on the right side of the table./frame_0080.png,low,1
6_Use the right hand to pick up orange from center of the table to lower level white shelf on the right side of the table.,/mnt/data/sftp/data/quangpt3/gcvwm/calibration/feepe/feature_matching_eval_hallucination/data/query/low/6_Use the right hand to pick up orange from center of the table to lower level white shelf on the right side of the table./frame_0082.png,low,1
6_Use the right hand to pick up orange from center of the table to lower level white shelf on the right side of the table.,/mnt/data/sftp/data/quangpt3/gcvwm/calibration/feepe/feature_matching_eval_hallucination/data/query/low/6_Use the right hand to pick up orange from center of the table to lower level white shelf on the right side of the table./frame_0084.png,low,1
6_Use the right hand to pick up orange from center of the table to lower level white shelf on the right side of the table.,/mnt/data/sftp/data/quangpt3/gcvwm/calibration/feepe/feature_matching_eval_hallucination/data/query/low/6_Use the right hand to pick up orange from center of the table to lower level white shelf on the right side of the table./frame_0086.png,low,1
6_Use the right hand to pick up orange from center of the table to lower level white shelf on the right side of the table.,/mnt/data/sftp/data/quangpt3/gcvwm/calibration/feepe/feature_matching_eval_hallucination/data/query/low/6_Use the right hand to pick up orange from center of the table to lower level white shelf on the right side of the table./frame_0088.png,low,1
6_Use the right hand to pick up orange from center of the table to lower level white shelf on the right side of the table.,/mnt/data/sftp/data/quangpt3/gcvwm/calibration/feepe/feature_matching_eval_hallucination/data/query/low/6_Use the right hand to pick up orange from center of the table to lower level white shelf on the right side of the table./frame_0090.png,low,1
6_Use the right hand to pick up orange from center of the table to lower level white shelf on the right side of the table.,/mnt/data/sftp/data/quangpt3/gcvwm/calibration/feepe/feature_matching_eval_hallucination/data/query/low/6_Use the right hand to pick up orange from center of the table to lower level white shelf on the right side of the table./frame_0092.png,low,1
8_Use the right hand to pick up rubik's cube from from the bottom of the three-tiered wooden shelf to to the top of the three-tiered wooden shelf.,/mnt/data/sftp/data/quangpt3/gcvwm/calibration/feepe/feature_matching_eval_hallucination/data/query/low/8_Use the right hand to pick up rubik's cube from from the bottom of the three-tiered wooden shelf to to the top of the three-tiered wooden shelf./frame_0000.png,low,1
8_Use the right hand to pick up rubik's cube from from the bottom of the three-tiered wooden shelf to to the top of the three-tiered wooden shelf.,/mnt/data/sftp/data/quangpt3/gcvwm/calibration/feepe/feature_matching_eval_hallucination/data/query/low/8_Use the right hand to pick up rubik's cube from from the bottom of the three-tiered wooden shelf to to the top of the three-tiered wooden shelf./frame_0001.png,low,1
8_Use the right hand to pick up rubik's cube from from the bottom of the three-tiered wooden shelf to to the top of the three-tiered wooden shelf.,/mnt/data/sftp/data/quangpt3/gcvwm/calibration/feepe/feature_matching_eval_hallucination/data/query/low/8_Use the right hand to pick up rubik's cube from from the bottom of the three-tiered wooden shelf to to the top of the three-tiered wooden shelf./frame_0002.png,low,1
8_Use the right hand to pick up rubik's cube from from the bottom of the three-tiered wooden shelf to to the top of the three-tiered wooden shelf.,/mnt/data/sftp/data/quangpt3/gcvwm/calibration/feepe/feature_matching_eval_hallucination/data/query/low/8_Use the right hand to pick up rubik's cube from from the bottom of the three-tiered wooden shelf to to the top of the three-tiered wooden shelf./frame_0003.png,low,1
8_Use the right hand to pick up rubik's cube from from the bottom of the three-tiered wooden shelf to to the top of the three-tiered wooden shelf.,/mnt/data/sftp/data/quangpt3/gcvwm/calibration/feepe/feature_matching_eval_hallucination/data/query/low/8_Use the right hand to pick up rubik's cube from from the bottom of the three-tiered wooden shelf to to the top of the three-tiered wooden shelf./frame_0004.png,low,1
8_Use the right hand to pick up rubik's cube from from the bottom of the three-tiered wooden shelf to to the top of the three-tiered wooden shelf.,/mnt/data/sftp/data/quangpt3/gcvwm/calibration/feepe/feature_matching_eval_hallucination/data/query/low/8_Use the right hand to pick up rubik's cube from from the bottom of the three-tiered wooden shelf to to the top of the three-tiered wooden shelf./frame_0005.png,low,1
8_Use the right hand to pick up rubik's cube from from the bottom of the three-tiered wooden shelf to to the top of the three-tiered wooden shelf.,/mnt/data/sftp/data/quangpt3/gcvwm/calibration/feepe/feature_matching_eval_hallucination/data/query/low/8_Use the right hand to pick up rubik's cube from from the bottom of the three-tiered wooden shelf to to the top of the three-tiered wooden shelf./frame_0006.png,low,1
8_Use the right hand to pick up rubik's cube from from the bottom of the three-tiered wooden shelf to to the top of the three-tiered wooden shelf.,/mnt/data/sftp/data/quangpt3/gcvwm/calibration/feepe/feature_matching_eval_hallucination/data/query/low/8_Use the right hand to pick up rubik's cube from from the bottom of the three-tiered wooden shelf to to the top of the three-tiered wooden shelf./frame_0007.png,low,1
8_Use the right hand to pick up rubik's cube from from the bottom of the three-tiered wooden shelf to to the top of the three-tiered wooden shelf.,/mnt/data/sftp/data/quangpt3/gcvwm/calibration/feepe/feature_matching_eval_hallucination/data/query/low/8_Use the right hand to pick up rubik's cube from from the bottom of the three-tiered wooden shelf to to the top of the three-tiered wooden shelf./frame_0009.png,low,1
8_Use the right hand to pick up rubik's cube from from the bottom of the three-tiered wooden shelf to to the top of the three-tiered wooden shelf.,/mnt/data/sftp/data/quangpt3/gcvwm/calibration/feepe/feature_matching_eval_hallucination/data/query/low/8_Use the right hand to pick up rubik's cube from from the bottom of the three-tiered wooden shelf to to the top of the three-tiered wooden shelf./frame_0011.png,low,1
8_Use the right hand to pick up rubik's cube from from the bottom of the three-tiered wooden shelf to to the top of the three-tiered wooden shelf.,/mnt/data/sftp/data/quangpt3/gcvwm/calibration/feepe/feature_matching_eval_hallucination/data/query/low/8_Use the right hand to pick up rubik's cube from from the bottom of the three-tiered wooden shelf to to the top of the three-tiered wooden shelf./frame_0013.png,low,1
8_Use the right hand to pick up rubik's cube from from the bottom of the three-tiered wooden shelf to to the top of the three-tiered wooden shelf.,/mnt/data/sftp/data/quangpt3/gcvwm/calibration/feepe/feature_matching_eval_hallucination/data/query/low/8_Use the right hand to pick up rubik's cube from from the bottom of the three-tiered wooden shelf to to the top of the three-tiered wooden shelf./frame_0015.png,low,1
8_Use the right hand to pick up rubik's cube from from the bottom of the three-tiered wooden shelf to to the top of the three-tiered wooden shelf.,/mnt/data/sftp/data/quangpt3/gcvwm/calibration/feepe/feature_matching_eval_hallucination/data/query/low/8_Use the right hand to pick up rubik's cube from from the bottom of the three-tiered wooden shelf to to the top of the three-tiered wooden shelf./frame_0016.png,low,1
8_Use the right hand to pick up rubik's cube from from the bottom of the three-tiered wooden shelf to to the top of the three-tiered wooden shelf.,/mnt/data/sftp/data/quangpt3/gcvwm/calibration/feepe/feature_matching_eval_hallucination/data/query/low/8_Use the right hand to pick up rubik's cube from from the bottom of the three-tiered wooden shelf to to the top of the three-tiered wooden shelf./frame_0018.png,low,1
8_Use the right hand to pick up rubik's cube from from the bottom of the three-tiered wooden shelf to to the top of the three-tiered wooden shelf.,/mnt/data/sftp/data/quangpt3/gcvwm/calibration/feepe/feature_matching_eval_hallucination/data/query/low/8_Use the right hand to pick up rubik's cube from from the bottom of the three-tiered wooden shelf to to the top of the three-tiered wooden shelf./frame_0020.png,low,1
8_Use the right hand to pick up rubik's cube from from the bottom of the three-tiered wooden shelf to to the top of the three-tiered wooden shelf.,/mnt/data/sftp/data/quangpt3/gcvwm/calibration/feepe/feature_matching_eval_hallucination/data/query/low/8_Use the right hand to pick up rubik's cube from from the bottom of the three-tiered wooden shelf to to the top of the three-tiered wooden shelf./frame_0022.png,low,1
8_Use the right hand to pick up rubik's cube from from the bottom of the three-tiered wooden shelf to to the top of the three-tiered wooden shelf.,/mnt/data/sftp/data/quangpt3/gcvwm/calibration/feepe/feature_matching_eval_hallucination/data/query/low/8_Use the right hand to pick up rubik's cube from from the bottom of the three-tiered wooden shelf to to the top of the three-tiered wooden shelf./frame_0024.png,low,1
8_Use the right hand to pick up rubik's cube from from the bottom of the three-tiered wooden shelf to to the top of the three-tiered wooden shelf.,/mnt/data/sftp/data/quangpt3/gcvwm/calibration/feepe/feature_matching_eval_hallucination/data/query/low/8_Use the right hand to pick up rubik's cube from from the bottom of the three-tiered wooden shelf to to the top of the three-tiered wooden shelf./frame_0026.png,low,1
8_Use the right hand to pick up rubik's cube from from the bottom of the three-tiered wooden shelf to to the top of the three-tiered wooden shelf.,/mnt/data/sftp/data/quangpt3/gcvwm/calibration/feepe/feature_matching_eval_hallucination/data/query/low/8_Use the right hand to pick up rubik's cube from from the bottom of the three-tiered wooden shelf to to the top of the three-tiered wooden shelf./frame_0028.png,low,1
8_Use the right hand to pick up rubik's cube from from the bottom of the three-tiered wooden shelf to to the top of the three-tiered wooden shelf.,/mnt/data/sftp/data/quangpt3/gcvwm/calibration/feepe/feature_matching_eval_hallucination/data/query/low/8_Use the right hand to pick up rubik's cube from from the bottom of the three-tiered wooden shelf to to the top of the three-tiered wooden shelf./frame_0030.png,low,1
8_Use the right hand to pick up rubik's cube from from the bottom of the three-tiered wooden shelf to to the top of the three-tiered wooden shelf.,/mnt/data/sftp/data/quangpt3/gcvwm/calibration/feepe/feature_matching_eval_hallucination/data/query/low/8_Use the right hand to pick up rubik's cube from from the bottom of the three-tiered wooden shelf to to the top of the three-tiered wooden shelf./frame_0031.png,low,1
8_Use the right hand to pick up rubik's cube from from the bottom of the three-tiered wooden shelf to to the top of the three-tiered wooden shelf.,/mnt/data/sftp/data/quangpt3/gcvwm/calibration/feepe/feature_matching_eval_hallucination/data/query/low/8_Use the right hand to pick up rubik's cube from from the bottom of the three-tiered wooden shelf to to the top of the three-tiered wooden shelf./frame_0033.png,low,1
8_Use the right hand to pick up rubik's cube from from the bottom of the three-tiered wooden shelf to to the top of the three-tiered wooden shelf.,/mnt/data/sftp/data/quangpt3/gcvwm/calibration/feepe/feature_matching_eval_hallucination/data/query/low/8_Use the right hand to pick up rubik's cube from from the bottom of the three-tiered wooden shelf to to the top of the three-tiered wooden shelf./frame_0035.png,low,1
8_Use the right hand to pick up rubik's cube from from the bottom of the three-tiered wooden shelf to to the top of the three-tiered wooden shelf.,/mnt/data/sftp/data/quangpt3/gcvwm/calibration/feepe/feature_matching_eval_hallucination/data/query/low/8_Use the right hand to pick up rubik's cube from from the bottom of the three-tiered wooden shelf to to the top of the three-tiered wooden shelf./frame_0037.png,low,1
8_Use the right hand to pick up rubik's cube from from the bottom of the three-tiered wooden shelf to to the top of the three-tiered wooden shelf.,/mnt/data/sftp/data/quangpt3/gcvwm/calibration/feepe/feature_matching_eval_hallucination/data/query/low/8_Use the right hand to pick up rubik's cube from from the bottom of the three-tiered wooden shelf to to the top of the three-tiered wooden shelf./frame_0039.png,low,1
8_Use the right hand to pick up rubik's cube from from the bottom of the three-tiered wooden shelf to to the top of the three-tiered wooden shelf.,/mnt/data/sftp/data/quangpt3/gcvwm/calibration/feepe/feature_matching_eval_hallucination/data/query/low/8_Use the right hand to pick up rubik's cube from from the bottom of the three-tiered wooden shelf to to the top of the three-tiered wooden shelf./frame_0041.png,low,1
8_Use the right hand to pick up rubik's cube from from the bottom of the three-tiered wooden shelf to to the top of the three-tiered wooden shelf.,/mnt/data/sftp/data/quangpt3/gcvwm/calibration/feepe/feature_matching_eval_hallucination/data/query/low/8_Use the right hand to pick up rubik's cube from from the bottom of the three-tiered wooden shelf to to the top of the three-tiered wooden shelf./frame_0043.png,low,1
8_Use the right hand to pick up rubik's cube from from the bottom of the three-tiered wooden shelf to to the top of the three-tiered wooden shelf.,/mnt/data/sftp/data/quangpt3/gcvwm/calibration/feepe/feature_matching_eval_hallucination/data/query/low/8_Use the right hand to pick up rubik's cube from from the bottom of the three-tiered wooden shelf to to the top of the three-tiered wooden shelf./frame_0045.png,low,1
8_Use the right hand to pick up rubik's cube from from the bottom of the three-tiered wooden shelf to to the top of the three-tiered wooden shelf.,/mnt/data/sftp/data/quangpt3/gcvwm/calibration/feepe/feature_matching_eval_hallucination/data/query/low/8_Use the right hand to pick up rubik's cube from from the bottom of the three-tiered wooden shelf to to the top of the three-tiered wooden shelf./frame_0046.png,low,1
8_Use the right hand to pick up rubik's cube from from the bottom of the three-tiered wooden shelf to to the top of the three-tiered wooden shelf.,/mnt/data/sftp/data/quangpt3/gcvwm/calibration/feepe/feature_matching_eval_hallucination/data/query/low/8_Use the right hand to pick up rubik's cube from from the bottom of the three-tiered wooden shelf to to the top of the three-tiered wooden shelf./frame_0048.png,low,1
8_Use the right hand to pick up rubik's cube from from the bottom of the three-tiered wooden shelf to to the top of the three-tiered wooden shelf.,/mnt/data/sftp/data/quangpt3/gcvwm/calibration/feepe/feature_matching_eval_hallucination/data/query/low/8_Use the right hand to pick up rubik's cube from from the bottom of the three-tiered wooden shelf to to the top of the three-tiered wooden shelf./frame_0050.png,low,1
8_Use the right hand to pick up rubik's cube from from the bottom of the three-tiered wooden shelf to to the top of the three-tiered wooden shelf.,/mnt/data/sftp/data/quangpt3/gcvwm/calibration/feepe/feature_matching_eval_hallucination/data/query/low/8_Use the right hand to pick up rubik's cube from from the bottom of the three-tiered wooden shelf to to the top of the three-tiered wooden shelf./frame_0052.png,low,1
8_Use the right hand to pick up rubik's cube from from the bottom of the three-tiered wooden shelf to to the top of the three-tiered wooden shelf.,/mnt/data/sftp/data/quangpt3/gcvwm/calibration/feepe/feature_matching_eval_hallucination/data/query/low/8_Use the right hand to pick up rubik's cube from from the bottom of the three-tiered wooden shelf to to the top of the three-tiered wooden shelf./frame_0054.png,low,1
8_Use the right hand to pick up rubik's cube from from the bottom of the three-tiered wooden shelf to to the top of the three-tiered wooden shelf.,/mnt/data/sftp/data/quangpt3/gcvwm/calibration/feepe/feature_matching_eval_hallucination/data/query/low/8_Use the right hand to pick up rubik's cube from from the bottom of the three-tiered wooden shelf to to the top of the three-tiered wooden shelf./frame_0056.png,low,1
8_Use the right hand to pick up rubik's cube from from the bottom of the three-tiered wooden shelf to to the top of the three-tiered wooden shelf.,/mnt/data/sftp/data/quangpt3/gcvwm/calibration/feepe/feature_matching_eval_hallucination/data/query/low/8_Use the right hand to pick up rubik's cube from from the bottom of the three-tiered wooden shelf to to the top of the three-tiered wooden shelf./frame_0058.png,low,1
8_Use the right hand to pick up rubik's cube from from the bottom of the three-tiered wooden shelf to to the top of the three-tiered wooden shelf.,/mnt/data/sftp/data/quangpt3/gcvwm/calibration/feepe/feature_matching_eval_hallucination/data/query/low/8_Use the right hand to pick up rubik's cube from from the bottom of the three-tiered wooden shelf to to the top of the three-tiered wooden shelf./frame_0060.png,low,1
8_Use the right hand to pick up rubik's cube from from the bottom of the three-tiered wooden shelf to to the top of the three-tiered wooden shelf.,/mnt/data/sftp/data/quangpt3/gcvwm/calibration/feepe/feature_matching_eval_hallucination/data/query/low/8_Use the right hand to pick up rubik's cube from from the bottom of the three-tiered wooden shelf to to the top of the three-tiered wooden shelf./frame_0061.png,low,1
8_Use the right hand to pick up rubik's cube from from the bottom of the three-tiered wooden shelf to to the top of the three-tiered wooden shelf.,/mnt/data/sftp/data/quangpt3/gcvwm/calibration/feepe/feature_matching_eval_hallucination/data/query/low/8_Use the right hand to pick up rubik's cube from from the bottom of the three-tiered wooden shelf to to the top of the three-tiered wooden shelf./frame_0063.png,low,1
8_Use the right hand to pick up rubik's cube from from the bottom of the three-tiered wooden shelf to to the top of the three-tiered wooden shelf.,/mnt/data/sftp/data/quangpt3/gcvwm/calibration/feepe/feature_matching_eval_hallucination/data/query/low/8_Use the right hand to pick up rubik's cube from from the bottom of the three-tiered wooden shelf to to the top of the three-tiered wooden shelf./frame_0065.png,low,1
8_Use the right hand to pick up rubik's cube from from the bottom of the three-tiered wooden shelf to to the top of the three-tiered wooden shelf.,/mnt/data/sftp/data/quangpt3/gcvwm/calibration/feepe/feature_matching_eval_hallucination/data/query/low/8_Use the right hand to pick up rubik's cube from from the bottom of the three-tiered wooden shelf to to the top of the three-tiered wooden shelf./frame_0067.png,low,1
8_Use the right hand to pick up rubik's cube from from the bottom of the three-tiered wooden shelf to to the top of the three-tiered wooden shelf.,/mnt/data/sftp/data/quangpt3/gcvwm/calibration/feepe/feature_matching_eval_hallucination/data/query/low/8_Use the right hand to pick up rubik's cube from from the bottom of the three-tiered wooden shelf to to the top of the three-tiered wooden shelf./frame_0069.png,low,1
8_Use the right hand to pick up rubik's cube from from the bottom of the three-tiered wooden shelf to to the top of the three-tiered wooden shelf.,/mnt/data/sftp/data/quangpt3/gcvwm/calibration/feepe/feature_matching_eval_hallucination/data/query/low/8_Use the right hand to pick up rubik's cube from from the bottom of the three-tiered wooden shelf to to the top of the three-tiered wooden shelf./frame_0071.png,low,1
8_Use the right hand to pick up rubik's cube from from the bottom of the three-tiered wooden shelf to to the top of the three-tiered wooden shelf.,/mnt/data/sftp/data/quangpt3/gcvwm/calibration/feepe/feature_matching_eval_hallucination/data/query/low/8_Use the right hand to pick up rubik's cube from from the bottom of the three-tiered wooden shelf to to the top of the three-tiered wooden shelf./frame_0073.png,low,1
8_Use the right hand to pick up rubik's cube from from the bottom of the three-tiered wooden shelf to to the top of the three-tiered wooden shelf.,/mnt/data/sftp/data/quangpt3/gcvwm/calibration/feepe/feature_matching_eval_hallucination/data/query/low/8_Use the right hand to pick up rubik's cube from from the bottom of the three-tiered wooden shelf to to the top of the three-tiered wooden shelf./frame_0075.png,low,1
8_Use the right hand to pick up rubik's cube from from the bottom of the three-tiered wooden shelf to to the top of the three-tiered wooden shelf.,/mnt/data/sftp/data/quangpt3/gcvwm/calibration/feepe/feature_matching_eval_hallucination/data/query/low/8_Use the right hand to pick up rubik's cube from from the bottom of the three-tiered wooden shelf to to the top of the three-tiered wooden shelf./frame_0076.png,low,1
8_Use the right hand to pick up rubik's cube from from the bottom of the three-tiered wooden shelf to to the top of the three-tiered wooden shelf.,/mnt/data/sftp/data/quangpt3/gcvwm/calibration/feepe/feature_matching_eval_hallucination/data/query/low/8_Use the right hand to pick up rubik's cube from from the bottom of the three-tiered wooden shelf to to the top of the three-tiered wooden shelf./frame_0078.png,low,1
8_Use the right hand to pick up rubik's cube from from the bottom of the three-tiered wooden shelf to to the top of the three-tiered wooden shelf.,/mnt/data/sftp/data/quangpt3/gcvwm/calibration/feepe/feature_matching_eval_hallucination/data/query/low/8_Use the right hand to pick up rubik's cube from from the bottom of the three-tiered wooden shelf to to the top of the three-tiered wooden shelf./frame_0080.png,low,1
8_Use the right hand to pick up rubik's cube from from the bottom of the three-tiered wooden shelf to to the top of the three-tiered wooden shelf.,/mnt/data/sftp/data/quangpt3/gcvwm/calibration/feepe/feature_matching_eval_hallucination/data/query/low/8_Use the right hand to pick up rubik's cube from from the bottom of the three-tiered wooden shelf to to the top of the three-tiered wooden shelf./frame_0082.png,low,1
8_Use the right hand to pick up rubik's cube from from the bottom of the three-tiered wooden shelf to to the top of the three-tiered wooden shelf.,/mnt/data/sftp/data/quangpt3/gcvwm/calibration/feepe/feature_matching_eval_hallucination/data/query/low/8_Use the right hand to pick up rubik's cube from from the bottom of the three-tiered wooden shelf to to the top of the three-tiered wooden shelf./frame_0084.png,low,1
8_Use the right hand to pick up rubik's cube from from the bottom of the three-tiered wooden shelf to to the top of the three-tiered wooden shelf.,/mnt/data/sftp/data/quangpt3/gcvwm/calibration/feepe/feature_matching_eval_hallucination/data/query/low/8_Use the right hand to pick up rubik's cube from from the bottom of the three-tiered wooden shelf to to the top of the three-tiered wooden shelf./frame_0086.png,low,1
8_Use the right hand to pick up rubik's cube from from the bottom of the three-tiered wooden shelf to to the top of the three-tiered wooden shelf.,/mnt/data/sftp/data/quangpt3/gcvwm/calibration/feepe/feature_matching_eval_hallucination/data/query/low/8_Use the right hand to pick up rubik's cube from from the bottom of the three-tiered wooden shelf to to the top of the three-tiered wooden shelf./frame_0088.png,low,1
8_Use the right hand to pick up rubik's cube from from the bottom of the three-tiered wooden shelf to to the top of the three-tiered wooden shelf.,/mnt/data/sftp/data/quangpt3/gcvwm/calibration/feepe/feature_matching_eval_hallucination/data/query/low/8_Use the right hand to pick up rubik's cube from from the bottom of the three-tiered wooden shelf to to the top of the three-tiered wooden shelf./frame_0090.png,low,1
8_Use the right hand to pick up rubik's cube from from the bottom of the three-tiered wooden shelf to to the top of the three-tiered wooden shelf.,/mnt/data/sftp/data/quangpt3/gcvwm/calibration/feepe/feature_matching_eval_hallucination/data/query/low/8_Use the right hand to pick up rubik's cube from from the bottom of the three-tiered wooden shelf to to the top of the three-tiered wooden shelf./frame_0092.png,low,1
9_Use the right hand to pick up milk carton from from the angled wooden shelf to to the cyan plate.,/mnt/data/sftp/data/quangpt3/gcvwm/calibration/feepe/feature_matching_eval_hallucination/data/query/low/9_Use the right hand to pick up milk carton from from the angled wooden shelf to to the cyan plate./frame_0000.png,low,1
9_Use the right hand to pick up milk carton from from the angled wooden shelf to to the cyan plate.,/mnt/data/sftp/data/quangpt3/gcvwm/calibration/feepe/feature_matching_eval_hallucination/data/query/low/9_Use the right hand to pick up milk carton from from the angled wooden shelf to to the cyan plate./frame_0001.png,low,1
9_Use the right hand to pick up milk carton from from the angled wooden shelf to to the cyan plate.,/mnt/data/sftp/data/quangpt3/gcvwm/calibration/feepe/feature_matching_eval_hallucination/data/query/low/9_Use the right hand to pick up milk carton from from the angled wooden shelf to to the cyan plate./frame_0002.png,low,1
9_Use the right hand to pick up milk carton from from the angled wooden shelf to to the cyan plate.,/mnt/data/sftp/data/quangpt3/gcvwm/calibration/feepe/feature_matching_eval_hallucination/data/query/low/9_Use the right hand to pick up milk carton from from the angled wooden shelf to to the cyan plate./frame_0003.png,low,1
9_Use the right hand to pick up milk carton from from the angled wooden shelf to to the cyan plate.,/mnt/data/sftp/data/quangpt3/gcvwm/calibration/feepe/feature_matching_eval_hallucination/data/query/low/9_Use the right hand to pick up milk carton from from the angled wooden shelf to to the cyan plate./frame_0004.png,low,1
9_Use the right hand to pick up milk carton from from the angled wooden shelf to to the cyan plate.,/mnt/data/sftp/data/quangpt3/gcvwm/calibration/feepe/feature_matching_eval_hallucination/data/query/low/9_Use the right hand to pick up milk carton from from the angled wooden shelf to to the cyan plate./frame_0005.png,low,1
9_Use the right hand to pick up milk carton from from the angled wooden shelf to to the cyan plate.,/mnt/data/sftp/data/quangpt3/gcvwm/calibration/feepe/feature_matching_eval_hallucination/data/query/low/9_Use the right hand to pick up milk carton from from the angled wooden shelf to to the cyan plate./frame_0006.png,low,1
9_Use the right hand to pick up milk carton from from the angled wooden shelf to to the cyan plate.,/mnt/data/sftp/data/quangpt3/gcvwm/calibration/feepe/feature_matching_eval_hallucination/data/query/low/9_Use the right hand to pick up milk carton from from the angled wooden shelf to to the cyan plate./frame_0007.png,low,1
9_Use the right hand to pick up milk carton from from the angled wooden shelf to to the cyan plate.,/mnt/data/sftp/data/quangpt3/gcvwm/calibration/feepe/feature_matching_eval_hallucination/data/query/low/9_Use the right hand to pick up milk carton from from the angled wooden shelf to to the cyan plate./frame_0009.png,low,1
9_Use the right hand to pick up milk carton from from the angled wooden shelf to to the cyan plate.,/mnt/data/sftp/data/quangpt3/gcvwm/calibration/feepe/feature_matching_eval_hallucination/data/query/low/9_Use the right hand to pick up milk carton from from the angled wooden shelf to to the cyan plate./frame_0011.png,low,1
9_Use the right hand to pick up milk carton from from the angled wooden shelf to to the cyan plate.,/mnt/data/sftp/data/quangpt3/gcvwm/calibration/feepe/feature_matching_eval_hallucination/data/query/low/9_Use the right hand to pick up milk carton from from the angled wooden shelf to to the cyan plate./frame_0013.png,low,1
9_Use the right hand to pick up milk carton from from the angled wooden shelf to to the cyan plate.,/mnt/data/sftp/data/quangpt3/gcvwm/calibration/feepe/feature_matching_eval_hallucination/data/query/low/9_Use the right hand to pick up milk carton from from the angled wooden shelf to to the cyan plate./frame_0015.png,low,1
9_Use the right hand to pick up milk carton from from the angled wooden shelf to to the cyan plate.,/mnt/data/sftp/data/quangpt3/gcvwm/calibration/feepe/feature_matching_eval_hallucination/data/query/low/9_Use the right hand to pick up milk carton from from the angled wooden shelf to to the cyan plate./frame_0016.png,low,1
9_Use the right hand to pick up milk carton from from the angled wooden shelf to to the cyan plate.,/mnt/data/sftp/data/quangpt3/gcvwm/calibration/feepe/feature_matching_eval_hallucination/data/query/low/9_Use the right hand to pick up milk carton from from the angled wooden shelf to to the cyan plate./frame_0018.png,low,1
9_Use the right hand to pick up milk carton from from the angled wooden shelf to to the cyan plate.,/mnt/data/sftp/data/quangpt3/gcvwm/calibration/feepe/feature_matching_eval_hallucination/data/query/low/9_Use the right hand to pick up milk carton from from the angled wooden shelf to to the cyan plate./frame_0020.png,low,1
9_Use the right hand to pick up milk carton from from the angled wooden shelf to to the cyan plate.,/mnt/data/sftp/data/quangpt3/gcvwm/calibration/feepe/feature_matching_eval_hallucination/data/query/low/9_Use the right hand to pick up milk carton from from the angled wooden shelf to to the cyan plate./frame_0022.png,low,1
9_Use the right hand to pick up milk carton from from the angled wooden shelf to to the cyan plate.,/mnt/data/sftp/data/quangpt3/gcvwm/calibration/feepe/feature_matching_eval_hallucination/data/query/low/9_Use the right hand to pick up milk carton from from the angled wooden shelf to to the cyan plate./frame_0024.png,low,1
9_Use the right hand to pick up milk carton from from the angled wooden shelf to to the cyan plate.,/mnt/data/sftp/data/quangpt3/gcvwm/calibration/feepe/feature_matching_eval_hallucination/data/query/low/9_Use the right hand to pick up milk carton from from the angled wooden shelf to to the cyan plate./frame_0026.png,low,1
9_Use the right hand to pick up milk carton from from the angled wooden shelf to to the cyan plate.,/mnt/data/sftp/data/quangpt3/gcvwm/calibration/feepe/feature_matching_eval_hallucination/data/query/low/9_Use the right hand to pick up milk carton from from the angled wooden shelf to to the cyan plate./frame_0028.png,low,1
9_Use the right hand to pick up milk carton from from the angled wooden shelf to to the cyan plate.,/mnt/data/sftp/data/quangpt3/gcvwm/calibration/feepe/feature_matching_eval_hallucination/data/query/low/9_Use the right hand to pick up milk carton from from the angled wooden shelf to to the cyan plate./frame_0030.png,low,1
9_Use the right hand to pick up milk carton from from the angled wooden shelf to to the cyan plate.,/mnt/data/sftp/data/quangpt3/gcvwm/calibration/feepe/feature_matching_eval_hallucination/data/query/low/9_Use the right hand to pick up milk carton from from the angled wooden shelf to to the cyan plate./frame_0031.png,low,1
9_Use the right hand to pick up milk carton from from the angled wooden shelf to to the cyan plate.,/mnt/data/sftp/data/quangpt3/gcvwm/calibration/feepe/feature_matching_eval_hallucination/data/query/low/9_Use the right hand to pick up milk carton from from the angled wooden shelf to to the cyan plate./frame_0033.png,low,1
9_Use the right hand to pick up milk carton from from the angled wooden shelf to to the cyan plate.,/mnt/data/sftp/data/quangpt3/gcvwm/calibration/feepe/feature_matching_eval_hallucination/data/query/low/9_Use the right hand to pick up milk carton from from the angled wooden shelf to to the cyan plate./frame_0035.png,low,1
9_Use the right hand to pick up milk carton from from the angled wooden shelf to to the cyan plate.,/mnt/data/sftp/data/quangpt3/gcvwm/calibration/feepe/feature_matching_eval_hallucination/data/query/low/9_Use the right hand to pick up milk carton from from the angled wooden shelf to to the cyan plate./frame_0037.png,low,1
9_Use the right hand to pick up milk carton from from the angled wooden shelf to to the cyan plate.,/mnt/data/sftp/data/quangpt3/gcvwm/calibration/feepe/feature_matching_eval_hallucination/data/query/low/9_Use the right hand to pick up milk carton from from the angled wooden shelf to to the cyan plate./frame_0039.png,low,1
9_Use the right hand to pick up milk carton from from the angled wooden shelf to to the cyan plate.,/mnt/data/sftp/data/quangpt3/gcvwm/calibration/feepe/feature_matching_eval_hallucination/data/query/low/9_Use the right hand to pick up milk carton from from the angled wooden shelf to to the cyan plate./frame_0041.png,low,1
9_Use the right hand to pick up milk carton from from the angled wooden shelf to to the cyan plate.,/mnt/data/sftp/data/quangpt3/gcvwm/calibration/feepe/feature_matching_eval_hallucination/data/query/low/9_Use the right hand to pick up milk carton from from the angled wooden shelf to to the cyan plate./frame_0043.png,low,1
9_Use the right hand to pick up milk carton from from the angled wooden shelf to to the cyan plate.,/mnt/data/sftp/data/quangpt3/gcvwm/calibration/feepe/feature_matching_eval_hallucination/data/query/low/9_Use the right hand to pick up milk carton from from the angled wooden shelf to to the cyan plate./frame_0045.png,low,1
9_Use the right hand to pick up milk carton from from the angled wooden shelf to to the cyan plate.,/mnt/data/sftp/data/quangpt3/gcvwm/calibration/feepe/feature_matching_eval_hallucination/data/query/low/9_Use the right hand to pick up milk carton from from the angled wooden shelf to to the cyan plate./frame_0046.png,low,1
9_Use the right hand to pick up milk carton from from the angled wooden shelf to to the cyan plate.,/mnt/data/sftp/data/quangpt3/gcvwm/calibration/feepe/feature_matching_eval_hallucination/data/query/low/9_Use the right hand to pick up milk carton from from the angled wooden shelf to to the cyan plate./frame_0048.png,low,1
9_Use the right hand to pick up milk carton from from the angled wooden shelf to to the cyan plate.,/mnt/data/sftp/data/quangpt3/gcvwm/calibration/feepe/feature_matching_eval_hallucination/data/query/low/9_Use the right hand to pick up milk carton from from the angled wooden shelf to to the cyan plate./frame_0050.png,low,1
9_Use the right hand to pick up milk carton from from the angled wooden shelf to to the cyan plate.,/mnt/data/sftp/data/quangpt3/gcvwm/calibration/feepe/feature_matching_eval_hallucination/data/query/low/9_Use the right hand to pick up milk carton from from the angled wooden shelf to to the cyan plate./frame_0052.png,low,1
9_Use the right hand to pick up milk carton from from the angled wooden shelf to to the cyan plate.,/mnt/data/sftp/data/quangpt3/gcvwm/calibration/feepe/feature_matching_eval_hallucination/data/query/low/9_Use the right hand to pick up milk carton from from the angled wooden shelf to to the cyan plate./frame_0054.png,low,1
9_Use the right hand to pick up milk carton from from the angled wooden shelf to to the cyan plate.,/mnt/data/sftp/data/quangpt3/gcvwm/calibration/feepe/feature_matching_eval_hallucination/data/query/low/9_Use the right hand to pick up milk carton from from the angled wooden shelf to to the cyan plate./frame_0056.png,low,1
9_Use the right hand to pick up milk carton from from the angled wooden shelf to to the cyan plate.,/mnt/data/sftp/data/quangpt3/gcvwm/calibration/feepe/feature_matching_eval_hallucination/data/query/low/9_Use the right hand to pick up milk carton from from the angled wooden shelf to to the cyan plate./frame_0058.png,low,1
9_Use the right hand to pick up milk carton from from the angled wooden shelf to to the cyan plate.,/mnt/data/sftp/data/quangpt3/gcvwm/calibration/feepe/feature_matching_eval_hallucination/data/query/low/9_Use the right hand to pick up milk carton from from the angled wooden shelf to to the cyan plate./frame_0060.png,low,1
9_Use the right hand to pick up milk carton from from the angled wooden shelf to to the cyan plate.,/mnt/data/sftp/data/quangpt3/gcvwm/calibration/feepe/feature_matching_eval_hallucination/data/query/low/9_Use the right hand to pick up milk carton from from the angled wooden shelf to to the cyan plate./frame_0061.png,low,1
9_Use the right hand to pick up milk carton from from the angled wooden shelf to to the cyan plate.,/mnt/data/sftp/data/quangpt3/gcvwm/calibration/feepe/feature_matching_eval_hallucination/data/query/low/9_Use the right hand to pick up milk carton from from the angled wooden shelf to to the cyan plate./frame_0063.png,low,1
9_Use the right hand to pick up milk carton from from the angled wooden shelf to to the cyan plate.,/mnt/data/sftp/data/quangpt3/gcvwm/calibration/feepe/feature_matching_eval_hallucination/data/query/low/9_Use the right hand to pick up milk carton from from the angled wooden shelf to to the cyan plate./frame_0065.png,low,1
9_Use the right hand to pick up milk carton from from the angled wooden shelf to to the cyan plate.,/mnt/data/sftp/data/quangpt3/gcvwm/calibration/feepe/feature_matching_eval_hallucination/data/query/low/9_Use the right hand to pick up milk carton from from the angled wooden shelf to to the cyan plate./frame_0067.png,low,1
9_Use the right hand to pick up milk carton from from the angled wooden shelf to to the cyan plate.,/mnt/data/sftp/data/quangpt3/gcvwm/calibration/feepe/feature_matching_eval_hallucination/data/query/low/9_Use the right hand to pick up milk carton from from the angled wooden shelf to to the cyan plate./frame_0069.png,low,1
9_Use the right hand to pick up milk carton from from the angled wooden shelf to to the cyan plate.,/mnt/data/sftp/data/quangpt3/gcvwm/calibration/feepe/feature_matching_eval_hallucination/data/query/low/9_Use the right hand to pick up milk carton from from the angled wooden shelf to to the cyan plate./frame_0071.png,low,1
9_Use the right hand to pick up milk carton from from the angled wooden shelf to to the cyan plate.,/mnt/data/sftp/data/quangpt3/gcvwm/calibration/feepe/feature_matching_eval_hallucination/data/query/low/9_Use the right hand to pick up milk carton from from the angled wooden shelf to to the cyan plate./frame_0073.png,low,1
9_Use the right hand to pick up milk carton from from the angled wooden shelf to to the cyan plate.,/mnt/data/sftp/data/quangpt3/gcvwm/calibration/feepe/feature_matching_eval_hallucination/data/query/low/9_Use the right hand to pick up milk carton from from the angled wooden shelf to to the cyan plate./frame_0075.png,low,1
9_Use the right hand to pick up milk carton from from the angled wooden shelf to to the cyan plate.,/mnt/data/sftp/data/quangpt3/gcvwm/calibration/feepe/feature_matching_eval_hallucination/data/query/low/9_Use the right hand to pick up milk carton from from the angled wooden shelf to to the cyan plate./frame_0076.png,low,1
9_Use the right hand to pick up milk carton from from the angled wooden shelf to to the cyan plate.,/mnt/data/sftp/data/quangpt3/gcvwm/calibration/feepe/feature_matching_eval_hallucination/data/query/low/9_Use the right hand to pick up milk carton from from the angled wooden shelf to to the cyan plate./frame_0078.png,low,1
9_Use the right hand to pick up milk carton from from the angled wooden shelf to to the cyan plate.,/mnt/data/sftp/data/quangpt3/gcvwm/calibration/feepe/feature_matching_eval_hallucination/data/query/low/9_Use the right hand to pick up milk carton from from the angled wooden shelf to to the cyan plate./frame_0080.png,low,1
9_Use the right hand to pick up milk carton from from the angled wooden shelf to to the cyan plate.,/mnt/data/sftp/data/quangpt3/gcvwm/calibration/feepe/feature_matching_eval_hallucination/data/query/low/9_Use the right hand to pick up milk carton from from the angled wooden shelf to to the cyan plate./frame_0082.png,low,1
9_Use the right hand to pick up milk carton from from the angled wooden shelf to to the cyan plate.,/mnt/data/sftp/data/quangpt3/gcvwm/calibration/feepe/feature_matching_eval_hallucination/data/query/low/9_Use the right hand to pick up milk carton from from the angled wooden shelf to to the cyan plate./frame_0084.png,low,1
9_Use the right hand to pick up milk carton from from the angled wooden shelf to to the cyan plate.,/mnt/data/sftp/data/quangpt3/gcvwm/calibration/feepe/feature_matching_eval_hallucination/data/query/low/9_Use the right hand to pick up milk carton from from the angled wooden shelf to to the cyan plate./frame_0086.png,low,1
9_Use the right hand to pick up milk carton from from the angled wooden shelf to to the cyan plate.,/mnt/data/sftp/data/quangpt3/gcvwm/calibration/feepe/feature_matching_eval_hallucination/data/query/low/9_Use the right hand to pick up milk carton from from the angled wooden shelf to to the cyan plate./frame_0088.png,low,1
9_Use the right hand to pick up milk carton from from the angled wooden shelf to to the cyan plate.,/mnt/data/sftp/data/quangpt3/gcvwm/calibration/feepe/feature_matching_eval_hallucination/data/query/low/9_Use the right hand to pick up milk carton from from the angled wooden shelf to to the cyan plate./frame_0090.png,low,1
9_Use the right hand to pick up milk carton from from the angled wooden shelf to to the cyan plate.,/mnt/data/sftp/data/quangpt3/gcvwm/calibration/feepe/feature_matching_eval_hallucination/data/query/low/9_Use the right hand to pick up milk carton from from the angled wooden shelf to to the cyan plate./frame_0092.png,low,1
